video_id,category_id,duration_seconds,upload_hour,upload_dayofweek,is_weekend,early_snapshot_age_hours,early_snapshot_count,early_views,early_likes,early_comments,early_views_per_hour,early_like_rate,early_comment_rate,early_engagement_rate,target_snapshot_age_hours,target_engagement_rate
-0ECJhNocZQ,24.0,557.0,9,6,1,5.941468333333333,27,484,75,10,81.4613447124883,15.495867768595042,2.066115702479339,17.56198347107438,23.94153083333333,3.9512065765049056
-2Qau5p06MI,27.0,599.0,6,3,0,5.943943055555556,30,102,8,1,17.16032590599347,7.84313725490196,0.9803921568627452,8.823529411764707,23.9439575,4.979253112033195
-8Irr9Ah2i4,15.0,179.0,21,1,0,5.879336111111111,32,223455,16779,1111,38006.84223133659,7.5088944082701214,0.4971918283323264,8.006086236602448,24.04593583333333,4.969216982787779
-ATKM6TIgB4,15.0,68.0,22,4,0,5.942038611111111,33,1569,14,0,264.05079177138,0.8922880815806247,0.0,0.8922880815806247,23.94206777777778,0.6608511763150938
-Bfjyx-VaLs,15.0,120.0,20,1,0,5.8620975,26,25568,5026,464,4361.578769373931,19.65738423028786,1.8147684605757195,21.47215269086358,24.02878638888889,15.218964893231997
-PNc2x04kYI,15.0,94.0,21,3,0,5.84398,29,1323,239,4,226.386811727624,18.06500377928949,0.3023431594860166,18.367346938775512,24.01064861111111,17.60154738878143
-oLhWVclsBA,22.0,1173.0,21,0,0,5.941038333333334,27,0,0,0,0.0,0.0,0.0,0.0,23.94092305555556,0.0
-rfWzjPWDsI,15.0,72.0,21,5,1,5.936248055555555,27,4515,678,14,760.5814241159529,15.016611295681065,0.3100775193798449,15.326688815060908,23.93615888888889,9.815407669777263
02C000UAAaE,24.0,721.0,17,2,0,5.938500555555556,24,212,0,0,35.699247312803706,0.0,0.0,0.0,23.93844527777778,0.4694835680751174
0FDZBG2coxA,15.0,57.0,20,6,1,5.969788888888889,27,6678,840,15,1118.632521901947,12.57861635220126,0.224618149146451,12.80323450134771,23.96997388888889,9.105127446421776
0Onkac10C7s,15.0,171.0,20,3,0,5.953238611111111,22,2226,103,1,373.914123960259,4.627133872416891,0.0449236298292902,4.672057502246182,23.953119166666667,3.351524275498683
0Wgk95fmes8,22.0,36186.0,10,4,0,5.945029722222222,33,2,0,0,0.336415475354833,0.0,0.0,0.0,23.94504888888889,0.0
0h9p_1GJ3Zw,27.0,1514.0,4,6,1,5.889808333333334,33,4,1,0,0.679139247598606,25.0,0.0,25.0,24.056560277777777,14.285714285714285
0xx8k_Qm7Lc,27.0,38.0,23,4,0,5.9451325,21,1954,113,3,328.6722373302866,5.783009211873081,0.1535312180143295,5.93654042988741,23.945185833333333,5.702113714566607
0y4SKJSzZnM,15.0,71.0,22,3,0,5.945105277777778,33,3763,232,3,632.9576726026578,6.16529364868456,0.0797236247674727,6.245017273452033,23.94508722222222,3.389830508474576
0zh36b6RZUc,22.0,1321.0,18,0,0,5.9426225,30,1,0,0,0.1682758748347215,0.0,0.0,0.0,23.94261583333333,0.0
11U5r0hS4kU,15.0,82.0,21,1,0,5.933288611111111,29,3712,307,4,625.62269312985,8.270474137931034,0.1077586206896551,8.378232758620689,23.933167777777776,7.355001400952648
12pe7NxQLTU,20.0,1789.0,18,3,0,5.936785,30,18,4,0,3.031944057263317,22.22222222222222,0.0,22.22222222222222,23.936778888888888,22.22222222222222
14auP2vEId4,10.0,305.0,10,0,0,5.94537,34,16,3,0,2.6911697673988333,18.75,0.0,18.75,23.945499166666668,16.666666666666664
1C6lSoNgZ50,15.0,1467.0,22,2,0,5.9367238888888885,33,1591,117,25,267.992925016725,7.353865493400377,1.571338780641106,8.925204274041484,23.93644861111111,3.98406374501992
1HhpDx2ow3A,22.0,18518.0,13,3,0,5.9450675,33,135,4,0,22.7079002887688,2.9629629629629632,0.0,2.9629629629629632,23.94506722222222,2.5052192066805845
1WQ0IGco-nc,15.0,3562.0,21,5,1,5.845130833333334,29,7458,781,50,1275.9338007404167,10.471976401179942,0.6704210244033253,11.142397425583267,24.01173305555556,5.264983133137867
1WRw2kslhqw,17.0,494.0,14,2,0,5.943193055555556,21,0,0,0,0.0,0.0,0.0,0.0,23.94313555555556,0.0
1oDvSJfDR_Y,15.0,20.0,21,5,1,5.838470277777778,27,4026,162,0,689.564185215372,4.023845007451564,0.0,4.023845007451564,24.00504583333333,4.078607267751255
1ttF5YWQa4M,15.0,45.0,20,1,0,5.941301944444445,21,3432,236,6,577.651166712571,6.876456876456877,0.1748251748251748,7.051282051282051,23.94124861111111,5.053405306075572
1weXA_Y4Cc0,22.0,709.0,17,5,1,5.9368525000000005,21,10215,1092,121,1720.6086895370904,10.690161527165932,1.1845325501713166,11.87469407733725,23.93678027777778,4.671753233506059
2-OOGq4DzbE,27.0,240.0,18,3,0,5.943181111111112,27,2,0,0,0.3365201165182208,0.0,0.0,0.0,23.94313194444444,0.0
2KxbNE-r6z8,15.0,2045.0,21,3,0,5.946266666666667,30,8039,1321,11,1351.940713500908,16.43239208856823,0.1368329394203259,16.569225027988555,23.946204166666668,9.21943231441048
2qU0rgUe_cw,27.0,25048.0,11,1,0,5.938929444444445,21,97,0,0,16.33290998106374,0.0,0.0,0.0,23.93895527777778,0.0
2uX48JXIAJo,20.0,27184.0,7,0,0,5.941227222222222,33,46,2,0,7.742508118178726,4.3478260869565215,0.0,4.3478260869565215,23.94128694444445,4.3478260869565215
2zIhppiQzII,22.0,7421.0,8,4,0,5.9870133333333335,24,899,12,0,150.15834272402932,1.334816462736374,0.0,1.334816462736374,23.98711472222222,1.334816462736374
338gY3Yz73o,24.0,890.0,13,4,0,5.937305555555556,33,20,0,3,3.368531367109098,0.0,15.0,15.0,23.93736944444444,2.941176470588235
34B76b6flA4,26.0,6978.0,3,4,0,5.9403202777777775,27,1807,55,4,304.1923525167204,3.0437188710570005,0.2213613724405091,3.26508024349751,23.9404125,1.6404419149648477
35W32IRKyyQ,22.0,2335.0,17,2,0,5.922123611111111,25,468,0,37,79.02570610345529,0.0,7.905982905982905,7.905982905982905,23.92204083333333,3.841309823677582
38ctqS2-z30,23.0,2313.0,18,6,1,5.940295000000001,30,281,0,0,47.30404803128464,0.0,0.0,0.0,23.940473333333333,0.0
3KKPyt1VUho,27.0,5623.0,23,1,0,5.937663333333333,21,330,4,2,55.57741850189104,1.2121212121212122,0.6060606060606061,1.818181818181818,23.93771166666667,1.3196480938416422
3RspwTImm6E,25.0,1799.0,5,4,0,5.944237777777778,21,157,10,0,26.412133206874103,6.369426751592357,0.0,6.369426751592357,23.944299166666667,2.4498886414253898
3UQLl3bkv7o,22.0,36195.0,8,0,0,5.938724722222222,22,15,0,0,2.525794796292077,0.0,0.0,0.0,23.939075,2.1739130434782608
3Xy6HZ9VIbQ,26.0,1561.0,15,1,0,5.9428675,27,4,1,0,0.6730757500482721,25.0,0.0,25.0,23.94283888888889,11.11111111111111
3b4lJSRqh58,20.0,1373.0,21,1,0,5.945694166666667,27,519,39,0,87.29005990749889,7.514450867052023,0.0,7.514450867052023,23.94573083333333,3.6028119507908607
3eY2BDUb3IA,15.0,43.0,22,4,0,5.938705277777777,33,4207,741,27,708.4035666397357,17.6135013073449,0.6417874970287616,18.255288804373663,23.93873444444445,9.416940468897923
3gSJQAh5ZQY,27.0,1664.0,16,4,0,5.945920555555555,33,1020,0,12,171.5461870823292,0.0,1.1764705882352942,1.1764705882352942,23.94603638888889,0.392841553906591
3hFBqqn5oGc,20.0,1824.0,11,6,1,5.946216666666667,23,15453,112,27,2598.795312425548,0.72477836018896,0.17472335468841,0.8995017148773701,23.94623083333333,0.5656610470275066
3kFZPDsDGi8,24.0,30643.0,12,1,0,5.9417825,30,117,3,0,19.691060721256623,2.564102564102564,0.0,2.564102564102564,23.94178527777777,1.2396694214876034
3vdHYI0RFNg,17.0,609.0,11,0,0,5.843195,24,19,4,0,3.2516457177965137,21.052631578947366,0.0,21.052631578947366,24.00994333333333,5.454545454545454
47j84jqvE2I,20.0,678.0,5,5,1,5.9442908333333335,21,5,3,0,0.8411432314115407,60.0,0.0,60.0,23.944298611111112,10.0
4EgfNYKz_b8,22.0,1261.0,6,4,0,5.9358825,27,5,0,0,0.842334732872492,0.0,0.0,0.0,23.9360125,0.0
4Q16zdMB2gk,15.0,22.0,20,4,0,5.943917222222222,21,2447,132,0,411.6813724880833,5.394360441356763,0.0,5.394360441356763,23.94377583333333,3.989003008610851
4QarAuh6yi8,22.0,129.0,0,4,0,5.937028611111111,27,2,0,0,0.3368688498918487,0.0,0.0,0.0,23.93708833333333,0.0
4VtB0GGTFgU,15.0,30.0,20,6,1,5.841216944444445,21,13625,0,22,2332.561883865429,0.0,0.1614678899082569,0.1614678899082569,24.00799888888889,0.098773561610009
4bQJVJpCXhY,20.0,2523.0,9,2,0,5.936737222222223,30,830,5,0,139.80743444280606,0.6024096385542169,0.0,0.6024096385542169,23.936835,0.6024096385542169
4hxiUsdepSY,15.0,139.0,22,5,1,5.938180277777778,33,3143,315,7,529.2867264003296,10.022271714922049,0.2227171492204899,10.244988864142538,23.93809027777778,5.935737061564876
4tIzlD07364,15.0,2564.0,20,3,0,5.942114166666667,21,74498,16134,885,12537.28856606452,21.656957233751243,1.187951354398776,22.844908588150016,23.942051944444444,11.492150170648465
4wkdGzazVtU,27.0,44.0,11,5,1,5.943473333333333,24,1700,125,8,286.02803523416725,7.352941176470589,0.4705882352941176,7.823529411764706,23.94340305555556,3.829160530191458
5-vUL4iNm4g,15.0,157.0,21,0,0,5.925620277777778,31,1421,121,1,239.299842637196,8.515130190007039,0.0703729767769176,8.585503166783955,23.925329166666668,8.193548387096774
50vQkL629EM,15.0,562.0,22,0,0,5.943332222222222,33,2378,193,10,400.1122453004759,8.116063919259881,0.4205214465937762,8.536585365853659,23.943145,5.335425657120439
51xOXfO8xVg,24.0,7430.0,14,6,1,5.936539722222222,21,270,5,0,45.48103990432511,1.851851851851852,0.0,1.851851851851852,20.436524722222224,1.851851851851852
5IxdMQsdPw0,24.0,609.0,13,3,0,5.861225555555556,19,107,1,0,18.25556771118972,0.9345794392523364,0.0,0.9345794392523364,24.02785,0.2421307506053268
5Krqh1T5w6o,1.0,7218.0,14,2,0,5.946248611111111,21,224,19,4,37.6708097238712,8.482142857142858,1.7857142857142856,10.267857142857142,23.946191111111112,4.156479217603912
5MBaZ-dd6lE,15.0,35.0,21,4,0,5.944579166666667,27,7586,175,0,1276.1206112852117,2.306881096757184,0.0,2.306881096757184,23.944602222222223,1.3437009753768503
5TvPRRhkRF0,22.0,1787.0,9,1,0,5.974826388888889,32,2080,306,21,348.1272700857184,14.711538461538462,1.0096153846153846,15.721153846153848,23.97479805555556,9.116719242902208
5V8PCXs7GHo,22.0,1680.0,2,5,1,5.9404125,25,18,2,4,3.030092607205308,11.11111111111111,22.22222222222222,33.33333333333333,23.94039555555556,19.35483870967742
5i8U73DHwDs,15.0,1190.0,20,3,0,5.938503055555556,21,1875,99,5,315.7361345879767,5.28,0.2666666666666666,5.546666666666667,23.93844083333333,2.5193798449612403
5lQ3bjys8RM,24.0,679.0,20,0,0,5.945179722222222,21,15735,1211,117,2646.6819734960823,7.696218620908803,0.7435653002859867,8.43978392119479,23.94506277777777,5.723240623683101
5z_7UyAOSdA,22.0,530.0,12,1,0,5.863065555555556,31,758,32,1,129.28390324439678,4.221635883905013,0.1319261213720316,4.353562005277045,24.02976611111111,3.123008285532186
653q2fNruz0,15.0,459.0,21,1,0,5.938749722222222,27,38956,837,63,6559.629858492007,2.148577882739501,0.1617209159051237,2.3102987986446246,23.93878638888889,1.9268927201375723
6N8PAolIYUs,24.0,310.0,6,4,0,5.943660277777778,27,1,0,0,0.1682464934509818,0.0,0.0,0.0,23.94379027777778,0.0
6PU1Nv2QYh4,15.0,13.0,22,2,0,5.945057222222221,33,7236,64,3,1217.1455596680082,0.8844665561083471,0.0414593698175787,0.9259259259259258,23.944781944444443,0.4116236475897358
6j6gbAlwjZs,22.0,3725.0,9,1,0,5.935608055555555,27,369,0,0,62.16717757410327,0.0,0.0,0.0,23.93563222222222,0.0
6rcnS33fQq0,22.0,820.0,17,6,1,5.943674166666667,21,1231,183,8,207.1109494702281,14.865962632006498,0.6498781478472786,15.515840779853775,23.943830833333333,9.339125038783742
76NtRTG6I7c,15.0,29.0,21,4,0,5.862158055555556,31,2523,96,7,430.3875767404391,3.804994054696789,0.2774474831549742,4.082441537851763,24.02874305555556,2.85785083009829
78JGbBO4TLs,15.0,25.0,21,5,1,5.9415258333333325,27,1039,9,0,174.87090507474863,0.8662175168431183,0.0,0.8662175168431183,23.941436666666668,0.6539833531510106
7DYDp0J9Hms,15.0,30.0,20,3,0,5.867730833333333,23,3184,88,1,542.6288441713059,2.763819095477387,0.0314070351758793,2.7952261306532664,24.034269166666668,1.8426495473958475
7GZ_f-3u3Yo,22.0,10775.0,18,0,0,5.940955833333333,30,564,10,0,94.93421863793805,1.773049645390071,0.0,1.773049645390071,23.940949166666663,1.7699115044247788
7IyMr4Z4qMQ,22.0,785.0,9,3,0,5.937842222222222,27,2309,96,71,388.8617975328861,4.157644001732352,3.074924209614552,7.232568211346903,23.93782027777777,2.225819506272764
7OLrCTCoi_4,10.0,14601.0,13,0,0,5.936093333333334,33,696,35,6,117.24883031937952,5.028735632183908,0.8620689655172413,5.890804597701149,23.93590361111111,3.170028818443804
7Z55PQhYubI,15.0,27.0,22,0,0,5.939443333333333,33,14541,278,7,2448.2092317293486,1.9118354996217592,0.0481397427962313,1.9599752424179904,23.93925611111111,1.450204310552039
7a0bmkuYGDg,15.0,559.0,21,4,0,5.944023611111112,27,1160,77,5,195.15400272495924,6.637931034482758,0.4310344827586206,7.06896551724138,23.944046666666665,2.875131164742917
7dsF-_bu_i8,15.0,18.0,21,6,1,5.834239999999999,29,30629,2284,53,5249.86973453269,7.456985210095008,0.173038623526723,7.630023833621731,24.001036944444444,7.427700144097048
7nM0NJxoN8g,22.0,13.0,10,4,0,5.84951,19,817,6,0,139.66981849761774,0.7343941248470013,0.0,0.7343941248470013,24.01629138888889,0.6554307116104869
7tZ_BGEEY5A,15.0,14.0,19,3,0,5.920446111111111,19,3458,719,31,584.0776075151244,20.79236552920764,0.8964719491035281,21.688837478311164,23.92037055555556,11.192734072392147
7zIuA836Jzs,15.0,6.0,20,6,1,5.994524444444445,23,80196,3245,87,13378.208854302591,4.046336475634695,0.1084842136764926,4.154820689311188,23.99463305555556,2.2518514386131296
7zZvihPRY8k,15.0,863.0,21,4,0,5.957943055555556,28,2957,532,85,496.3122293091925,17.99120730470071,2.874535001690903,20.865742306391613,23.957879166666668,9.984007310943568
7zlhgS3RqKQ,27.0,606.0,8,1,0,5.945910555555555,21,45,2,2,7.56822686442101,4.444444444444445,4.444444444444445,8.88888888888889,23.945893055555555,4.040404040404041
80o_1-GflPI,15.0,99.0,21,2,0,5.849666111111111,27,3732,1215,26,637.9851309652147,32.556270096463024,0.6966773847802787,33.2529474812433,24.016239722222224,20.025375343624443
86qeNWqh5G0,27.0,2276.0,15,4,0,5.936801666666667,27,31,2,0,5.221666772877989,6.451612903225806,0.0,6.451612903225806,23.936792222222223,4.807692307692308
8BzNgkDZKXY,15.0,15.0,20,6,1,5.9376058333333335,21,6759,173,4,1138.3376043683152,2.559550229323865,0.0591803521230951,2.61873058144696,23.937852777777778,1.3334145153433998
8KWuwEBY54E,15.0,31.0,19,4,0,5.89827,20,9833,0,5,1667.0989968244926,0.0,0.0508491813281806,0.0508491813281806,24.06488694444444,0.0071884696946098
8T-lcvrD6Gg,15.0,649.0,21,2,0,5.8705375,29,705,115,3,120.09121822320358,16.312056737588655,0.425531914893617,16.73758865248227,24.03704111111111,4.214301726070388
8YtA2_9hJa8,1.0,,10,0,0,5.941203333333333,34,780,20,0,131.28653510708548,2.564102564102564,0.0,2.564102564102564,23.9413325,1.1087420042643923
8fUsTDgEYzI,27.0,27359.0,11,4,0,5.9373375,21,229,1,0,38.569476638308,0.4366812227074235,0.0,0.4366812227074235,23.93734638888889,0.1934235976789168
8qPhkliaAmI,15.0,124.0,20,4,0,5.850161944444444,23,911,0,2,155.72218489868015,0.0,0.2195389681668496,0.2195389681668496,24.01682166666667,0.1366120218579235
8tVpKeSc8xQ,22.0,8.0,14,0,0,5.945987777777778,24,9465,224,57,1591.829710006131,2.3666138404648707,0.6022187004754358,2.9688325409403067,23.946026944444444,2.6979081972060017
8yM_86cukFM,1.0,1213.0,3,5,1,5.938815,27,1,0,0,0.1683837600598772,0.0,0.0,0.0,23.93874805555556,0.0
95GN0a-rN0s,22.0,3719.0,9,5,1,2.4952594444444443,23,1374,21,1,550.644143661748,1.5283842794759823,0.0727802037845706,1.6011644832605532,26.519005555555555,1.5827338129496402
9GoFNwY9DSs,28.0,301.0,15,4,0,5.9259375,28,21,4,0,3.5437430786268,19.047619047619047,0.0,19.047619047619047,23.92600416666667,9.75609756097561
9IJRs9mm-qc,24.0,166.0,18,4,0,5.861473888888889,31,122,13,3,20.81387758653422,10.655737704918032,2.459016393442623,13.114754098360656,24.02819861111111,7.41687979539642
9SSdLhfzGIE,24.0,1110.0,10,4,0,5.85701,19,67,7,5,11.43928386668283,10.44776119402985,7.462686567164178,17.91044776119403,24.02379138888889,5.47945205479452
9TRXgMchU2E,22.0,7218.0,14,2,0,5.943193055555556,21,133,9,1,22.37854277267247,6.7669172932330826,0.7518796992481203,7.518796992481203,23.94313555555556,5.439330543933055
9agMSAC2VhU,22.0,57.0,12,5,1,5.941535833333333,30,23,2,0,3.871052981110524,8.695652173913043,0.0,8.695652173913043,23.941455,3.389830508474576
9ahKmsYdcmU,15.0,781.0,20,0,0,5.86286,22,9120,356,70,1555.5547974879155,3.903508771929825,0.7675438596491228,4.671052631578947,24.02923388888889,3.2449044154200752
9nWSjbdeFvQ,22.0,1344.0,9,4,0,5.8370291666666665,31,1299,462,31,222.5447163118796,35.56581986143187,2.386451116243264,37.952270977675134,24.00370277777778,14.288747346072189
9oKbyEyicSY,15.0,47.0,21,3,0,5.935433333333334,30,1097,113,25,184.82222584141564,10.300820419325431,2.2789425706472195,12.579762989972654,23.935370833333334,8.232189973614776
9rN_YabfPaY,15.0,537.0,22,5,1,5.942624722222222,33,21897,2583,150,3684.735453362384,11.796136457048911,0.6850253459377997,12.48116180298671,23.942534722222224,5.311889458334513
9zI0n00IHQ8,24.0,8360.0,5,1,0,5.945503055555556,21,67,2,0,11.269021203747313,2.985074626865672,0.0,2.985074626865672,23.945441111111112,2.8169014084507045
A0ZhkNSxTLM,10.0,237.0,1,0,0,5.943118888888889,33,0,2,0,0.0,200.0,0.0,200.0,23.943158888888888,37.5
AB0xJ617q7c,15.0,10.0,20,1,0,5.986547777777778,22,35301,322,1,5896.720666130526,0.9121554630180448,0.0028327809410498,0.9149882439590948,23.98658805555556,0.5023588807724896
AJgPfpujiXY,20.0,771.0,18,0,0,5.936562777777778,27,1,0,0,0.1684476417470528,0.0,0.0,0.0,23.936439166666663,0.0
AKR2klIRFh8,20.0,4817.0,18,4,0,5.935423055555556,30,28,1,1,4.717439639587611,3.571428571428571,3.571428571428571,7.142857142857142,23.93542472222222,10.714285714285714
AdNRyuhunms,15.0,94.0,21,6,1,5.938396944444444,31,4322,129,6,727.8058439733245,2.984729291994447,0.1388246182322998,3.1235539102267467,23.93843222222222,2.307354233811896
AdUeGtyNzX4,15.0,31.0,22,0,0,5.938332222222222,33,3478,115,1,585.6863290647075,3.306497987349051,0.0287521564117308,3.3352501437607818,23.938145,2.947969025947561
Akdqp1DGbIo,15.0,29.0,21,3,0,5.875988888888889,30,1281,23,1,218.005858115608,1.795472287275566,0.078064012490242,1.873536299765808,24.04253,1.685178092684795
Av4tu2nOlyQ,15.0,107.0,20,6,1,5.9376058333333335,21,17434,1813,38,2936.2002950964943,10.399219915108407,0.2179648961798784,10.617184811288286,23.937852777777778,7.058051968610777
B-Ev1mIlYYk,24.0,7893.0,20,4,0,5.902806111111111,21,152,10,0,25.75046463306388,6.578947368421052,0.0,6.578947368421052,24.06928361111111,5.392156862745098
B1NajFZc14c,15.0,3260.0,20,0,0,5.933783888888889,24,30899,3628,118,5207.30120587285,11.741480306806046,0.3818893815333829,12.123369688339428,23.93369611111111,9.410026774997691
B4pgBAbbrdI,15.0,513.0,20,1,0,5.939079722222223,21,11376,880,33,1915.448273481577,7.735583684950773,0.290084388185654,8.025668073136426,23.939026388888887,3.528497168848046
BCU_8PKMYfA,25.0,957.0,21,5,1,5.944025833333333,27,1301,148,8,218.87522640028905,11.37586471944658,0.6149116064565718,11.990776325903152,23.94393666666667,4.805057955742887
BHtGblxeAhA,20.0,2015.0,14,6,1,5.935657777777777,21,23,4,0,3.874886467698423,17.391304347826086,0.0,17.391304347826086,23.935669166666667,5.88235294117647
BJPomkUOHzw,1.0,1744.0,11,5,1,5.941516111111111,21,883,106,20,148.61526645509204,12.004530011325029,2.2650056625141564,14.269535673839185,23.941469444444444,5.3839614621705865
BKvuWl6CZwY,22.0,21.0,9,3,0,5.945064444444444,27,698,17,0,117.40831517011873,2.4355300859598854,0.0,2.4355300859598854,23.945042500000003,1.818181818181818
BLvNLfOItqs,22.0,229.0,21,2,0,5.944666111111111,27,0,0,0,0.0,0.0,0.0,0.0,23.94450888888889,0.0
BWJHwdhd4RU,22.0,2005.0,6,5,1,5.9376975,30,54,1,0,9.094434332500098,1.851851851851852,0.0,1.851851851851852,23.937556666666666,1.7857142857142856
BWTX5hl4P5I,15.0,31.0,21,5,1,5.974853055555556,29,1058,7,0,177.07548456212612,0.6616257088846881,0.0,0.6616257088846881,23.97482583333333,0.4286589099816289
BgA_7qAC794,15.0,66.0,21,5,1,5.8593375000000005,31,23787,4535,93,4059.673981913484,19.06503552360533,0.390969857485181,19.45600538109051,24.02590305555556,8.146943104696245
BlU27-LTjXA,10.0,169.0,2,3,0,5.851868611111111,25,7,2,0,1.1961991058221813,28.57142857142857,0.0,28.57142857142857,24.018404166666667,22.22222222222222
Br-R4RwR1C4,15.0,38.0,21,4,0,5.939579166666666,27,2379,101,2,400.5334272419693,4.245481294661622,0.0840689365279529,4.329550231189575,23.939602222222224,2.365114560236512
BwV6rJQU4ck,22.0,885.0,1,3,0,5.943392222222222,33,327,3,0,55.0190846865791,0.9174311926605504,0.0,0.9174311926605504,23.9434975,1.524390243902439
BzioxV5JgPE,15.0,1214.0,21,1,0,5.939860833333333,27,12976,1173,77,2184.5629660515333,9.03976572133169,0.593403205918619,9.633168927250308,23.9398975,5.7420409733577
CE2eTZsdbSw,15.0,58.0,19,1,0,5.844293611111111,19,5707,265,9,976.5080914398123,4.643420360960224,0.1577010688628,4.8011214298230245,24.010952222222222,3.6925178873188793
CI9OMkJg3Vk,15.0,2427.0,20,2,0,5.915148055555555,21,1427,86,35,241.24501814620683,6.026629292221443,2.452697967764541,8.479327259985984,24.081755277777777,3.971441320838911
CIBmUv4G5RU,15.0,33.0,22,4,0,5.9009275,33,1103,14,0,186.9197681211979,1.2692656391659112,0.0,1.2692656391659112,24.067676388888888,1.103230890464933
CRdU2U3ZWyE,15.0,56.0,21,6,1,5.939795555555556,29,25650,770,28,4318.330447587422,3.0019493177387915,0.1091617933723196,3.111111111111111,23.939909166666663,2.042676985607305
CTUXtKhR3wY,22.0,153.0,12,2,0,5.945580277777778,27,1762,103,3,296.3545890694063,5.845629965947786,0.170261066969353,6.015891032917139,23.94565805555556,2.465630603705917
CdkB5o9aiNU,22.0,2053.0,14,0,0,5.946463888888889,21,3665,198,52,616.3326757685589,5.402455661664393,1.4188267394270122,6.8212824010914055,23.94618833333333,5.577172503242543
CpO1wmtoRBQ,28.0,360.0,18,1,0,5.938230555555556,30,128,0,0,21.55524255962892,0.0,0.0,0.0,23.93811777777778,0.0
CpVkoVh8URU,24.0,4306.0,23,6,1,5.858183055555555,25,158,20,4,26.970819877361485,12.658227848101266,2.5316455696202533,15.18987341772152,24.02503527777777,9.808612440191387
CpetlWOwiuc,27.0,1362.0,21,2,0,5.862885277777777,31,24,8,3,4.093547607176918,33.33333333333333,12.5,45.83333333333333,24.02953638888889,16.049382716049383
D-Ns07zcFv4,15.0,15.0,21,6,1,5.85924,29,18337,472,690,3129.5867723459014,2.574030648415772,3.762883786878988,6.336914435294759,24.02603694444444,4.651779341286836
D8laAlkfUVo,15.0,28.0,21,5,1,5.954088611111112,30,6084,526,1,1021.8188537950977,8.645627876397107,0.0164365548980933,8.662064431295201,23.953955277777776,3.945361253640272
DIJ0GEX2r9E,15.0,78.0,20,6,1,5.947318055555556,25,3944,814,38,663.1560584381054,20.63894523326572,0.9634888438133874,21.602434077079103,23.947451388888886,18.74135546334717
DjrtJoOqpIE,24.0,77.0,13,4,0,5.944805555555555,33,60,16,18,10.092844827183397,26.666666666666668,30.0,56.66666666666666,23.944869444444443,20.454545454545457
DqOGf89lSDQ,15.0,17269.0,21,5,1,5.992069166666667,33,5647,0,0,942.4123525498912,0.0,0.0,0.0,23.991979166666667,0.0
DsUxwI9ZwpQ,15.0,61.0,21,6,1,5.9409,27,5406,879,0,909.9631368984498,16.259711431742506,0.0,16.259711431742506,23.941085,8.891514279843845
EHw8ua862no,25.0,115.0,21,3,0,5.9383783333333335,27,776,41,0,130.67540605221348,5.283505154639175,0.0,5.283505154639175,23.938468333333333,4.481579946828713
EKR3Bju4BD8,15.0,33.0,22,5,1,5.9448469444444445,33,1330,18,1,223.72316939848324,1.3533834586466165,0.075187969924812,1.4285714285714286,23.94475694444445,1.452784503631961
EKtfC4e3aFw,22.0,3386.0,13,5,1,5.945376388888889,36,31,0,0,5.214135821229896,0.0,0.0,0.0,23.94534138888889,0.0
EVLNDDatUe4,22.0,3258.0,4,0,0,5.915923611111111,20,12,1,0,2.0284237574437163,8.333333333333332,0.0,8.333333333333332,24.08277083333333,14.285714285714285
EdSEQiZ6eQ8,25.0,993.0,10,6,1,5.94623,33,345,96,5,58.019955501216735,27.82608695652174,1.4492753623188406,29.275362318840585,23.9462025,8.588235294117647
EjqMT49aXbI,25.0,2638.0,11,4,0,5.9447975,24,2,0,0,0.3364286167863581,0.0,0.0,0.0,23.944831666666666,25.0
El2N2UIuof0,15.0,1249.0,22,4,0,5.944260833333333,33,15884,2495,149,2672.157303550357,15.707630319818684,0.9380508687987912,16.645681188617477,23.94429,7.231662569912009
ElxL6c9GXt4,15.0,150.0,21,5,1,5.9445813888888885,27,4001,860,122,673.0499152519524,21.494626343414147,3.0492376905773555,24.543864033991504,23.944492222222223,8.420660673440077
EnQF1NZMJP0,22.0,2085.0,9,6,1,5.8629375,32,3,0,0,0.511688893152963,0.0,0.0,0.0,24.02953583333333,0.0
EytagrlDt_0,20.0,2936.0,22,6,1,5.946415833333334,33,60,5,2,10.09011170454359,8.333333333333332,3.333333333333333,11.666666666666666,23.94664027777777,4.777070063694268
F0FUGBHAXxk,20.0,133.0,17,2,0,5.93715611111111,21,1,0,0,0.1684308078287762,0.0,0.0,0.0,23.936969722222223,0.0
F6f3I_VVDeM,15.0,68.0,22,5,1,5.945958055555556,33,1041,51,26,175.07691616279573,4.899135446685879,2.49759846301633,7.396733909702209,23.94586805555556,7.717041800643088
FEsR7TadIbw,15.0,69.0,21,5,1,5.861586388888889,28,1018,0,0,173.67312062988637,0.0,0.0,0.0,24.02815916666667,0.1450910849588908
FKLUdc7Xop8,1.0,302.0,11,1,0,5.939266111111111,24,645,77,8,108.59927606094992,11.937984496124033,1.2403100775193798,13.178294573643411,23.939206944444447,5.884825556956705
FTNKg4ppHDg,15.0,171.0,20,0,0,5.9677225,25,3025,187,23,506.8935427208621,6.181818181818182,0.7603305785123967,6.9421487603305785,23.967545,4.93479549496147
FgIGh_i0__g,15.0,502.0,20,3,0,5.833959722222223,26,6747,945,82,1156.5043848862897,14.006224988883949,1.215354972580406,15.221579961464354,24.00069055555556,6.686070918809997
Fj1N5C4Tg7c,15.0,6.0,20,0,0,5.9362908333333335,21,48702,249,10,8204.112865651658,0.5112726376740175,0.020533037657591,0.5318056753316086,23.936173888888888,0.4946829990577467
Foq9TFUnpCo,15.0,74.0,20,0,0,5.999093888888889,27,1813,78,0,302.2123063214454,4.302261445118588,0.0,4.302261445118588,23.99897861111112,3.1645569620253164
FsVyfF9OngU,15.0,51.0,21,0,0,5.966943333333333,33,3289,79,6,551.2034916816707,2.4019458802067497,0.1824262693827911,2.584372149589541,23.96675611111111,1.7523017523017523
G0n8njANeW4,26.0,1016.0,0,4,0,5.862350833333333,28,478,0,0,81.53725588753431,0.0,0.0,0.0,24.02910027777778,0.0
GO-SwY7RdTA,22.0,705.0,13,1,0,5.942611666666666,33,108,6,1,18.173827612831285,5.555555555555555,0.9259259259259258,6.481481481481481,23.94259166666667,2.847571189279732
GPGnnC3uGSk,24.0,2214.0,22,4,0,5.942871944444445,33,8,1,0,1.3461504933618187,12.5,0.0,12.5,23.942901111111112,12.5
GQmvNza40Ko,22.0,75.0,5,2,0,5.941706944444444,24,4004,189,7,673.8804248405048,4.72027972027972,0.1748251748251748,4.895104895104895,23.9417125,3.410515756917161
GqtAVcrLhcc,22.0,26.0,9,1,0,5.976999166666666,29,646,1,1,108.08099214781554,0.1547987616099071,0.1547987616099071,0.3095975232198142,23.977048611111112,0.16116035455278
GsQiUNoGX4A,10.0,3995.0,15,4,0,5.853159722222222,28,26,3,0,4.442045191640318,11.538461538461538,0.0,11.538461538461538,24.019884444444447,4.651162790697675
GvjjSOhf9YI,20.0,5.0,20,2,0,5.9245925,21,9009,434,541,1520.610911214569,4.817404817404817,6.005106005106005,10.822510822510822,23.92453111111111,7.127493156042237
GzBBmf-vhuo,24.0,5308.0,16,6,1,5.927655277777778,35,74,1,0,12.483856859459934,1.351351351351351,0.0,1.351351351351351,23.927615555555555,1.4150943396226416
HCdp_Ci_pb8,22.0,6150.0,13,0,0,5.941926666666667,33,24,1,0,4.039093941471284,4.166666666666666,0.0,4.166666666666666,23.941736944444443,3.4482758620689653
HGOETZatnbk,15.0,63.0,21,6,1,5.916172222222222,30,11065,830,3,1870.297142202494,7.501129688206055,0.027112516945323,7.528242205151378,24.082876666666667,4.01734447392389
HIWVCvgfoaE,15.0,33.0,21,6,1,5.91145,30,2651,78,0,448.45173350024106,2.942285929837797,0.0,2.942285929837797,24.078154444444444,2.169249106078665
HKELCyVZRwA,15.0,180.0,21,5,1,5.9507263888888895,31,1443,187,25,242.4914045274118,12.95911295911296,1.7325017325017324,14.69161469161469,23.950642777777777,8.484005563282336
He09_UArPGY,10.0,243.0,21,3,0,5.856461111111111,28,4,1,0,0.6830063282433552,25.0,0.0,25.0,24.023135555555555,1.694915254237288
HqUIszUmbzQ,15.0,69.0,21,6,1,5.942283333333334,30,33525,1425,137,5641.770699815166,4.250559284116331,0.4086502609992543,4.659209545115585,23.94242583333333,2.8039443772856174
HsOKUZ1C1JA,15.0,45.0,21,1,0,5.946249722222222,27,4455,103,1,749.2117230379428,2.312008978675645,0.0224466891133557,2.334455667789001,23.94628638888889,1.405110305633866
Hwvdjo5cMjw,22.0,1405.0,23,5,1,5.942909722222222,21,8,4,2,1.3461419361774478,50.0,25.0,75.0,23.94293194444444,36.84210526315789
IEabDiSHG0s,22.0,450.0,15,6,1,5.9628813888888885,11,405,2,0,67.92018381493698,0.4938271604938271,0.0,0.4938271604938271,19.129580277777777,0.4938271604938271
ISWWuj-EFA8,15.0,60.0,20,1,0,5.912101944444444,23,3710,265,2,627.5263916053169,7.142857142857142,0.0539083557951482,7.196765498652291,24.078812222222226,5.140376627837981
IenuxKbSx-4,15.0,423.0,21,4,0,5.936245833333333,27,4694,381,5,790.7354465750309,8.116744780570942,0.1065189603749467,8.223263740945889,23.93626888888889,3.430570445184224
IjTBh16w9DE,15.0,107.0,21,4,0,5.9393013888888895,27,1078,70,1,181.50282826473463,6.493506493506493,0.0927643784786642,6.586270871985158,23.939324444444445,7.535641547861507
IlstWLU_kEs,15.0,1135.0,22,5,1,5.892624722222222,33,3428,336,18,581.7441567375489,9.801633605600934,0.5250875145857643,10.326721120186695,24.059255,4.724964739069112
IpMownY3-bs,22.0,160.0,19,6,1,5.833967777777778,35,12,4,0,2.056919142698956,33.33333333333333,0.0,33.33333333333333,24.00079805555556,23.52941176470588
Isy1Y_IVy7U,20.0,11.0,0,4,0,5.942584166666666,27,675,10,0,113.58694821458847,1.4814814814814816,0.0,1.4814814814814816,23.942643888888888,1.1423550087873462
J81wLZUA_Mk,22.0,604.0,10,6,1,5.944819166666666,17,0,0,0,0.0,0.0,0.0,0.0,23.94476555555556,28.57142857142857
JL8UWKawDGg,2.0,51.0,15,2,0,5.941286388888889,27,534,67,1,89.87952524871741,12.54681647940075,0.1872659176029962,12.734082397003746,23.94117555555556,6.590114827758363
JcDX7VXyFGs,27.0,57.0,0,2,0,5.943456111111111,30,72,6,0,12.114163653938352,8.333333333333332,0.0,8.333333333333332,23.94350555555556,4.166666666666666
Jj6FASNdpsk,22.0,42274.0,23,1,0,5.936274444444444,21,44,0,0,7.412056233548651,0.0,0.0,0.0,23.93632277777778,0.0
JseYkrUaBYQ,22.0,88.0,18,2,0,5.961801666666667,29,33,3,0,5.535239487168448,9.090909090909092,0.0,9.090909090909092,23.9617375,7.913669064748201
K3g7IgGnzVQ,20.0,468.0,10,4,0,5.941418611111111,15,2847,500,153,479.1784902473956,17.562346329469616,5.374077976817703,22.93642430628732,23.94143777777778,5.493040371180204
KEUtOL9ofKw,15.0,814.0,21,5,1,5.942359166666666,27,710,53,4,119.48116565937408,7.464788732394366,0.5633802816901409,8.028169014084508,23.94227,4.979035639412998
KHXEu25sv_M,22.0,69.0,19,2,0,5.912711388888889,35,110,7,3,18.60398601675552,6.363636363636363,2.727272727272727,9.090909090909092,24.07922027777778,7.906976744186046
KKwKFL2Mt48,15.0,180.0,22,2,0,5.918668333333333,33,11288,1501,53,1907.1857661675588,13.297306874557052,0.4695251594613749,13.766832034018428,23.918393055555555,10.938495615498985
KM1xG7apSpA,22.0,9402.0,0,2,0,5.940400555555556,30,21,1,0,3.535115149829496,4.761904761904762,0.0,4.761904761904762,23.94045,4.545454545454546
KR8ybZ5Z6xY,15.0,26.0,21,0,0,5.887075555555556,28,5808,329,1,986.5679394107772,5.664600550964187,0.0172176308539944,5.681818181818182,24.053731111111112,4.821600771456123
KRRBiKRXBdY,20.0,3914.0,12,6,1,5.940072777777777,29,47,1,0,7.912360969015438,2.127659574468085,0.0,2.127659574468085,23.94006138888889,2.127659574468085
KY5aBgTIfHw,15.0,57.0,20,1,0,5.877422777777778,24,12223,452,4,2079.653014959977,3.697946494313998,0.0327251902151681,3.730671684529167,24.04405666666667,2.3430559668344686
KpbZLap_AZM,15.0,34.0,22,3,0,5.938994166666667,33,2976,19,0,501.09495252633263,0.6384408602150538,0.0,0.6384408602150538,23.93897611111111,0.4982953055337005
L1U-pERkGxY,15.0,86168.0,21,2,0,5.9443858333333335,30,608,5,1,102.28138230708724,0.8223684210526315,0.1644736842105263,0.986842105263158,23.94426333333333,0.3070310101320233
L4RUXqJZ6Zs,15.0,16.0,21,5,1,5.838255277777778,30,1838,47,5,314.82008109443274,2.557127312295974,0.2720348204570185,2.8291621327529923,24.004809444444444,2.92873413602343
L8tCtypWBFE,22.0,91.0,21,5,1,5.946310833333333,30,120,7,0,19.33972226196831,5.833333333333333,0.0,5.833333333333333,23.9461775,3.7037037037037033
L9qM9EIvaCU,24.0,5419.0,13,2,0,5.94285,33,82,20,0,13.798093507323928,24.390243902439025,0.0,24.390243902439025,23.94283194444445,20.2020202020202
LBuufH57Z6g,15.0,29.0,21,5,1,5.8343375,31,2834,81,1,485.7449539043636,2.858151023288638,0.0352858151023288,2.8934368383909668,24.00090305555556,2.245398773006135
LC5wSNovuw0,17.0,21.0,22,6,1,5.937249166666667,33,1,0,0,0.1684281679829561,0.0,0.0,0.0,23.93747361111111,2.5
LRG4Zp38fNI,15.0,28.0,20,2,0,5.994623333333333,25,7973,0,14,1330.0251836784853,0.0,0.1755926251097453,0.1755926251097453,23.99449583333333,0.0788404390805991
LSipkDN7w5g,27.0,586.0,5,6,1,5.940358333333333,21,44,4,4,7.406960578977419,9.090909090909092,9.090909090909092,18.181818181818183,23.940476666666665,5.729166666666666
LVDxBpjleag,15.0,43.0,21,0,0,5.941871666666667,27,3650,65,1,614.2845562411171,1.7808219178082192,0.0273972602739726,1.808219178082192,23.94175638888889,1.429154757043691
LXTXRuS1pdU,15.0,85724.0,21,3,0,5.936822222222222,30,854,11,1,143.84799949093605,1.288056206088993,0.117096018735363,1.405152224824356,23.936759722222224,0.2670672675680187
L_mx5dTN_QI,23.0,551.0,9,5,1,3.198870555555555,23,473,0,0,147.8646890473669,0.0,0.0,0.0,27.222616666666667,0.2114164904862579
LeGXFilvpKw,24.0,2033.0,17,2,0,5.943500555555556,24,89,9,14,14.974340318149585,10.112359550561797,15.730337078651685,25.842696629213485,23.94344527777778,9.287257019438446
LgU3Of9H48I,26.0,48.0,15,4,0,5.939023888888889,27,30,0,0,5.051335128677617,0.0,0.0,0.0,23.93901444444445,0.78125
LjkrZP7X7Ws,15.0,2630.0,22,2,0,5.881809444444444,35,6892,135,0,1171.7482630297914,1.958792803250145,0.0,1.958792803250145,24.04839888888889,1.7328775197453732
LvS6jvh5PgA,10.0,370.0,12,6,1,5.863703333333333,11,19,0,0,3.240273069749436,0.0,0.0,0.0,24.0303675,1.7857142857142856
M7kHdKD_rJ4,15.0,65.0,21,3,0,5.980155555555556,30,1346,16,0,225.0777571746554,1.188707280832095,0.0,1.188707280832095,23.98009305555556,1.132342533616419
M9Jj9LRNPXE,15.0,12.0,21,5,1,5.937636944444444,27,8854,541,16,1491.1656072680992,6.110232663203072,0.1807092839394624,6.290941947142535,23.93754777777778,2.367504312239997
M9Mv_0TxVcM,28.0,747.0,14,0,0,5.937297222222222,21,1355,179,14,228.218320438546,13.210332103321033,1.033210332103321,14.243542435424356,23.93702166666667,8.60655737704918
M9a1-CYuRaA,15.0,224.0,20,6,1,5.938439166666667,21,4491,345,23,756.2593257178829,7.682030728122912,0.5121353818748609,8.194166109997774,23.93868611111112,2.717911877394636
MG87JUNyUHA,15.0,26.0,22,6,1,5.939471388888889,33,2264,29,1,381.178702912067,1.2809187279151943,0.0441696113074204,1.325088339222615,23.93969583333333,1.0875787063537492
MGihcqS5zPQ,15.0,22.0,20,3,0,5.939614166666667,21,2024,121,2,340.762875029621,5.978260869565218,0.0988142292490118,6.0770750988142295,23.93955194444445,3.567937438905181
MWAiYRozVic,15.0,46.0,20,0,0,5.938790833333334,21,16443,268,0,2768.7454334489244,1.62987289424071,0.0,1.62987289424071,23.93867388888889,1.2326288114180357
M_ZK1qheZOM,24.0,635.0,14,4,0,5.941213611111111,24,0,1,0,0.0,100.0,0.0,100.0,23.94121944444445,33.33333333333333
N5QU7hKIRCs,22.0,1120.0,18,2,0,5.937394444444444,30,1,0,0,0.168424046836856,0.0,0.0,0.0,23.93729361111111,0.0
NAPKU79Viw8,15.0,837.0,22,4,0,5.975431666666666,35,4694,574,17,785.5499421380715,12.228376651043886,0.3621644652748189,12.590541116318704,23.97542805555556,7.305068646921682
NLQfx2mUPdM,25.0,2940.0,1,5,1,5.940675277777778,33,18187,313,32,3061.436478110817,1.7210095122889977,0.1759498542915269,1.8969593665805244,23.94066638888889,0.920791198363038
NLjLOZ0TulI,24.0,1687.0,9,1,0,5.9412675,31,87,3,1,14.643339994369889,3.4482758620689653,1.1494252873563218,4.597701149425287,23.94126333333333,2.8708133971291865
NhMiw37vcwQ,22.0,34.0,9,4,0,5.938110555555555,30,547,31,0,92.1168433767606,5.6672760511883,0.0,5.6672760511883,23.93818027777777,3.203883495145631
NsApFtu2s9E,15.0,31.0,20,4,0,5.940861666666667,21,2966,381,22,499.2541766528256,12.845583277140932,0.7417397167902899,13.58732299393122,23.94072027777777,7.837837837837839
NwRdH1cs_dk,22.0,2176.0,8,1,0,5.941466111111111,21,80,0,6,13.46469011249468,0.0,7.5,7.5,23.94144861111111,2.843601895734597
NxZ9EPZ5HvQ,15.0,12.0,21,2,0,5.869829722222222,31,13761,779,24,2344.361020883296,5.660925804810697,0.1744059298016132,5.835331734612311,24.036480833333336,2.4746932603852856
Nz6M1NwVagc,15.0,26.0,21,5,1,5.856004166666667,31,6346,184,5,1083.6740923311615,2.899464229435865,0.0787897888433658,2.9782540182792308,24.022569722222222,1.744144144144144
Nz8V2mZ0BFo,15.0,3849.0,20,1,0,5.855158888888889,22,1214,59,1,207.33852369126333,4.85996705107084,0.0823723228995057,4.942339373970346,24.02176722222222,2.275734321249008
Nzcckfkody4,15.0,20.0,21,3,0,5.859794444444444,28,2134,111,1,364.1765970175291,5.201499531396438,0.0468603561387066,5.248359887535145,24.02646888888889,2.554399243140965
O0zuz8k9pKg,25.0,2156.0,3,6,1,5.9464525,27,150,17,2,25.22512371872137,11.333333333333332,1.3333333333333337,12.666666666666668,23.946585555555554,3.9391845196959223
O6iaZUrf6j0,15.0,906.0,21,1,0,5.922916388888889,27,3179,173,8,536.7288327695549,5.441962881409248,0.2516514627241271,5.693614344133375,23.92295305555556,4.62962962962963
OL3cU1FqjA0,24.0,5660.0,22,2,0,5.943198333333333,17,15,0,0,2.523893560117322,0.0,0.0,0.0,23.943125833333333,0.0
OQh_PNp5uvU,15.0,39.0,21,6,1,5.937005555555556,30,5641,151,3,950.1422808542652,2.6768303492288603,0.0531820599184541,2.7300124091473146,23.93714805555556,1.9304710028836911
OW-YmFB5OEA,22.0,3446.0,17,5,1,5.957892777777778,26,613,5,0,102.8887264111929,0.8156606851549755,0.0,0.8156606851549755,23.95784527777778,0.8156606851549755
OjpsU3U6xjU,15.0,23.0,21,5,1,5.9951308333333335,29,1104,37,1,184.14944238776,3.3514492753623197,0.0905797101449275,3.4420289855072466,23.995103611111112,2.994428969359332
OmDYzBGyyXw,15.0,883.0,22,1,0,5.9357175,33,3196,345,28,538.4353281637814,10.794743429286608,0.8760951188986232,11.670838548185232,23.93565805555556,7.797516113818583
OmS7safJyrQ,15.0,357.0,21,6,1,5.945900000000001,27,52359,2595,87,8805.899863771674,4.956167994041139,0.166160545464963,5.122328539506102,23.946085,2.9820131509765866
OmetGLD-Oos,23.0,1285.0,8,5,1,4.195259444444444,23,15922,614,74,3795.236077970016,3.8562994598668503,0.4647657329481221,4.321065192814974,28.219005555555555,1.9310681984844784
OvLfhajxJPg,15.0,12.0,20,4,0,5.945583888888889,21,3973,102,7,668.227052926584,2.567329473949157,0.1761892776239617,2.7435187515731188,23.9454425,1.302282470165682
Owb2KDuhe08,23.0,767.0,16,5,1,5.936234444444445,33,365,56,21,61.48678988606881,15.342465753424658,5.753424657534247,21.095890410958905,23.93623,5.69060773480663
OzGl3wJi9AQ,15.0,28.0,21,6,1,5.937844444444445,27,3939,175,2,663.3720429785593,4.442751967504443,0.0507743082000507,4.493526275704494,23.93802944444445,2.8943726937269374
P908CuYw9xI,22.0,1248.0,18,2,0,5.937914999999999,27,3919,249,82,659.9959750181672,6.353661648379688,2.092370502679255,8.446032151058944,23.937865833333333,5.296591214100385
PYXJ2z2Tx38,1.0,704.0,1,5,1,5.9387308333333335,33,5337,225,13,898.676863757506,4.215851602023609,0.2435825370058085,4.459434139029417,23.938721944444445,2.1282431024079864
PZHviQDDiiM,15.0,40.0,21,0,0,5.970657777777777,32,16719,2561,50,2800.193985698952,15.317901788384471,0.299060948621329,15.6169627370058,23.970329166666662,12.27089592212208
PexU3JadzJQ,22.0,550.0,15,2,0,5.912640000000001,32,33,2,0,5.581263192076635,6.0606060606060606,0.0,6.0606060606060606,24.07926888888889,6.0606060606060606
PiS-aSVvS-Q,15.0,87.0,20,1,0,5.942076944444445,25,13952,1993,49,2348.0005611580723,14.284690366972477,0.3512041284403669,14.635894495412844,23.942112222222224,10.15880484648865
PuUJS4zRZ6Y,20.0,1577.0,7,4,0,5.937154166666667,36,4,1,0,0.6737234519624652,25.0,0.0,25.0,23.93702333333333,16.666666666666664
PvC36SuEq_c,15.0,29.0,21,4,0,5.940894444444445,30,1126,36,0,189.53374959438392,3.197158081705151,0.0,3.197158081705151,23.94098111111112,2.9992684711046085
QJuvcKLdFjA,15.0,1093.0,21,4,0,5.912320277777778,32,14218,109,22,2404.808828344465,0.7666338444225629,0.1547334364889576,0.9213672809115206,24.07901222222222,0.5268106075342022
QNJDK_JdSC4,15.0,630.0,21,4,0,5.974538611111111,33,2555,490,31,427.64808570294525,19.17808219178082,1.2133072407045011,20.39138943248532,23.97456777777778,6.230231702831923
QWv0Sa3UB_k,22.0,488.0,21,5,1,5.9456925,27,768,32,1,129.16914219832256,4.166666666666666,0.1302083333333333,4.296875,23.94560333333333,1.1665888940737283
Qh5X9aHQl3Q,15.0,28.0,21,1,0,5.940416388888889,27,5286,127,0,889.8366131180759,2.4025728339008703,0.0,2.4025728339008703,23.940453055555555,2.4061343204653625
QiFOX2ZMEO8,2.0,5040.0,13,0,0,5.940815555555556,33,503,0,0,84.66850978559995,0.0,0.0,0.0,23.94062583333333,0.0
QpFh3Xy-qVQ,22.0,1910.0,15,0,0,5.936362777777777,27,26,3,0,4.379786238356016,11.538461538461538,0.0,11.538461538461538,23.936163611111112,8.823529411764707
QsdlzBv78Es,24.0,19.0,20,1,0,5.944913055555556,21,38,1,0,6.392019470240826,2.631578947368421,0.0,2.631578947368421,23.944859722222223,2.506112469437653
QtZjQ44GrZ8,15.0,62.0,21,5,1,5.927071944444444,32,907,16,0,153.02665607933918,1.7640573318632855,0.0,1.7640573318632855,23.927014166666662,1.1747430249632893
RGLWT0UEi-U,10.0,13506.0,14,5,1,5.940998055555556,21,3,1,0,0.5049656592960227,33.33333333333333,0.0,33.33333333333333,23.94089805555556,7.6923076923076925
RJcProx6KXQ,24.0,1282.0,14,6,1,5.967013611111111,25,240,1,0,40.2211249448298,0.4166666666666667,0.0,0.4166666666666667,23.967036944444445,0.4166666666666667
RJwaXTRwbdY,26.0,10.0,12,1,0,5.852232222222222,13,184,4,0,31.440994310053394,2.1739130434782608,0.0,2.1739130434782608,24.018932777777778,1.5444015444015444
RYN-nuB7oG0,15.0,60.0,22,3,0,5.841771944444445,33,11512,715,9,1970.6349562221392,6.210910354412786,0.0781792911744267,6.289089645587214,24.008424166666668,1.2301686968897818
Re0QK5sz7Q4,23.0,474.0,16,4,0,5.857309444444444,33,2,1,0,0.341453703098607,50.0,0.0,50.0,24.02405472222222,50.0
RiKmeB_e87A,20.0,390.0,6,0,0,5.9403675,30,3494,143,8,588.1790983470299,4.092730394962794,0.2289639381797366,4.3216943331425295,23.940439444444443,2.1314741035856573
RjjOuNvE2h8,26.0,782.0,14,6,1,5.876483611111111,26,24473,1270,127,4164.565345460515,5.189392391615249,0.518939239161525,5.708331630776774,24.043119722222222,2.766491788621093
Rk8r0a_6Ox4,1.0,1874.0,12,6,1,5.945910555555555,30,99,31,1,16.65009910172622,31.313131313131315,1.0101010101010102,32.323232323232325,21.945969166666668,14.068441064638783
RmHQX4oBNmc,22.0,21.0,14,1,0,5.94339611111111,21,149,8,0,25.069841756205047,5.369127516778524,0.0,5.369127516778524,23.943352222222224,3.696098562628337
RvGXqSLq-CI,10.0,938.0,10,0,0,5.938147777777777,34,46,3,0,7.746523279892926,6.521739130434782,0.0,6.521739130434782,23.938276944444446,5.952380952380952
RwLTtLzjrgY,22.0,601.0,23,2,0,5.931505555555555,21,25,2,1,4.214781519775287,8.0,4.0,12.0,23.93151611111111,2.1739130434782608
S7a81644WZA,15.0,44.0,22,2,0,5.939223888888889,33,902,12,0,151.87169517004793,1.3303769401330376,0.0,1.3303769401330376,23.938948611111112,1.1505273250239694
SB9STdmMDU8,22.0,180.0,0,6,1,5.9357050000000005,27,0,0,0,0.0,0.0,0.0,0.0,23.935714722222222,0.0
SCiE6soIO_E,24.0,263.0,13,1,0,5.9359125,2,4557,71,1,767.6999955777651,1.5580425718674566,0.0219442615755979,1.579986833443055,23.93592611111111,1.49723640943119
SMhHDGUqPk8,15.0,592.0,22,4,0,5.942871944444445,33,1835,196,14,308.7732694148672,10.681198910081743,0.7629427792915531,11.444141689373296,23.942901111111112,5.09015777610819
SNPgPcOs1Ok,24.0,639.0,15,1,0,5.9087008333333335,27,74,1,0,12.523903661281434,1.351351351351351,0.0,1.351351351351351,24.07534055555556,0.3676470588235294
STdJMLN9iy4,15.0,7360.0,21,1,0,5.856585,28,4116,41,2,702.798644602614,0.9961127308066084,0.0485908649173955,1.0447035957240038,24.02316777777777,0.5655435170853673
SUg1ltbDyvo,15.0,559.0,21,1,0,5.9448525000000005,30,3133,24,0,527.0105524064726,0.7660389403127992,0.0,0.7660389403127992,23.944769722222222,0.4761173398863462
SdH_8Q2CBZQ,15.0,62.0,20,3,0,5.875169722222222,21,2696,258,1,458.8803604775295,9.56973293768546,0.0370919881305638,9.606824925816024,24.04173027777778,8.141072740631888
SmzHvL1CQwE,15.0,431.0,21,3,0,5.943100555555556,27,410,46,7,68.98755896309642,11.219512195121952,1.707317073170732,12.926829268292684,23.94319055555556,2.524383247274814
T1kfn11F_8o,22.0,3590.0,13,0,0,5.924686944444445,36,160,22,1,27.005646289890706,13.750000000000002,0.625,14.374999999999998,23.924649722222224,13.93939393939394
T1zyJ4PbGY4,15.0,23.0,20,0,0,5.983693333333333,22,4021,115,1,671.9929942933796,2.8599850783387217,0.0248694354638149,2.8848545138025363,23.983386666666664,1.6743508857073528
TAH2OVrjqgs,20.0,13.0,17,2,0,5.9466005555555554,21,6367,585,5,1070.695759790304,9.18800062823936,0.0785299198994817,9.26653054813884,23.946414166666667,4.844477604260464
TAS2FMyCQbQ,15.0,50.0,20,6,1,5.9442466666666665,23,18949,1752,18,3187.7883039846934,9.245870494485198,0.0949918201488205,9.340862314634018,23.944355277777778,6.354759148336438
TAtAINFEfkA,15.0,61.0,21,5,1,5.924364166666667,28,851,39,6,143.6441069555003,4.582843713278495,0.7050528789659225,5.287896592244419,23.9242125,4.097646033129904
TO79ybD45ko,20.0,11.0,20,0,0,5.941290833333333,21,2388,36,2,401.9328571835329,1.507537688442211,0.083752093802345,1.5912897822445562,23.941173888888887,1.1391094235415948
TSqcl3wozb0,24.0,1650.0,22,3,0,5.908438611111111,33,43,8,1,7.277726457060309,18.6046511627907,2.3255813953488373,20.930232558139537,24.07509083333333,11.688311688311687
U-aLWZFCGOI,25.0,2029.0,23,5,1,5.940687499999999,21,466,28,2,78.44209950447656,6.008583690987124,0.4291845493562232,6.437768240343347,23.94070972222222,2.891891891891892
U7LrBetf0Hw,22.0,7218.0,14,3,0,5.941475555555556,21,92,6,0,15.484369015702796,6.521739130434782,0.0,6.521739130434782,23.94143472222222,2.782324058919804
U9f286_cv6Q,15.0,33.0,22,1,0,5.938495277777777,33,9197,294,1,1548.7088176049836,3.196694574317712,0.010873110796999,3.207567685114712,23.938435833333337,0.801829268292683
U9liDjmU2aE,15.0,44.0,21,3,0,5.946544444444445,30,982,41,10,165.1379232383326,4.1751527494908345,1.0183299389002036,5.193482688391039,23.946481944444447,5.29595015576324
UFzNPI6Fg2k,15.0,56.0,20,6,1,5.924818055555556,25,9821,762,3,1657.603644181291,7.75888402403014,0.0305467874961816,7.789430811526321,23.92495138888889,5.143441946452742
UONuVfizS44,24.0,5017.0,15,2,0,5.944897500000001,9,118,2,0,19.84895450257973,1.694915254237288,0.0,1.694915254237288,23.94478666666667,0.5660377358490566
UReHfm4Az0A,26.0,2773.0,17,5,1,5.939074722222223,21,1287,120,4,216.70042223655392,9.324009324009324,0.3108003108003108,9.634809634809637,23.9390025,3.946615824594852
UT4yo7mEN2k,20.0,5.0,20,1,0,5.9243575,21,13473,467,712,2274.170659012391,3.466191642544348,5.284643360795665,8.750835003340013,23.924304166666666,6.36232653370744
UUs0JHA8tfc,24.0,25.0,11,3,0,5.935025277777778,21,955,25,1,160.90917145302805,2.6178010471204187,0.1047120418848167,2.722513089005236,23.93507111111111,2.2667369530838166
UXdVWzu_x-w,15.0,2642.0,20,1,0,5.9368575,21,18218,215,26,3068.6267945626114,1.180151498517949,0.1427159951696124,1.3228674936875615,23.936804166666665,0.8623253047873922
UwkEb674y0I,15.0,119.0,21,0,0,5.968675833333333,31,5600,595,16,938.2315535927776,10.625,0.2857142857142857,10.910714285714286,23.968384722222225,9.68275593616193
V14pDdGCDQg,22.0,26.0,9,3,0,5.937005277777778,30,912,46,0,153.6127992699649,5.043859649122807,0.0,5.043859649122807,23.93706027777778,6.313645621181263
V4OIPsj4Pnw,22.0,73.0,23,5,1,5.939298611111111,21,1,0,0,0.1683700493067012,0.0,0.0,0.0,23.93932083333333,0.0
V7Dngf-PQ_A,17.0,2708.0,9,1,0,5.935608055555555,27,208,15,11,35.042745082421355,7.211538461538461,5.288461538461538,12.5,23.93563222222222,3.612334801762114
V9Xo2DVkIx0,15.0,111.0,21,2,0,5.8476075,31,2700,361,20,461.727296163431,13.370370370370372,0.7407407407407408,14.11111111111111,24.01425861111112,6.514103246407664
VIqyVMeIVnU,27.0,120.0,8,3,0,5.941746666666667,21,8,0,0,1.346405434092332,0.0,0.0,0.0,23.941735277777777,0.0
VQHI1O54DYo,15.0,133.0,21,5,1,5.945414722222222,27,3009,525,11,506.10430736702654,17.44765702891326,0.3655699567962778,17.813226985709537,23.94532555555556,12.641509433962264
VUj6ZKyTSsM,19.0,20.0,10,6,1,5.942618888888889,33,3734,78,1,628.3424984532633,2.088912694161757,0.0267809319764327,2.1156936261381896,23.94259138888889,1.9244787869951887
VdfIUccP7yU,20.0,3009.0,17,2,0,5.941600555555556,21,1,0,0,0.1683048179778718,0.0,0.0,0.0,23.941414166666668,0.0
VnVdNiFRXpE,20.0,2188.0,13,6,1,5.944486944444444,33,3183,536,41,535.4541156785187,16.839459629280555,1.2880929940307886,18.12755262331134,21.44458027777777,5.254807387192994
VrcP63fuouI,22.0,283.0,5,4,0,5.942293333333334,21,9,0,0,1.5145667665906766,0.0,0.0,0.0,23.942354722222223,0.0
VuHxkli_Ncw,24.0,1372.0,13,2,0,5.936738888888889,33,54,0,8,9.095902819823454,0.0,14.814814814814811,14.814814814814811,23.936720833333336,8.0
Vw9REype3Hc,20.0,353.0,9,3,0,5.940342222222222,27,209,21,13,35.183158171957174,10.047846889952153,6.220095693779904,16.267942583732058,23.94032027777778,4.1548630783758265
Vz4xLghevU8,22.0,61.0,9,1,0,5.945330277777777,27,76,16,0,12.78314180190625,21.052631578947366,0.0,21.052631578947366,23.945354444444444,12.949640287769784
W-naWsDoJv8,15.0,24.0,19,4,0,5.888825555555556,20,893,27,2,151.64314031301845,3.023516237402016,0.2239641657334826,3.2474804031354982,24.0554425,2.0070671378091878
W29s2UAZzks,15.0,12.0,21,4,0,5.938190277777778,27,3601,0,5,606.4137104996214,0.0,0.1388503193557345,0.1388503193557345,23.938213333333334,0.0472427417969421
WKRsf0b1B8E,15.0,606.0,21,0,0,5.958296111111111,30,1372,52,7,230.2671727646224,3.7900874635568513,0.5102040816326531,4.300291545189505,23.958176111111108,2.4775268581451435
WPAIdlB-UUA,15.0,2884.0,20,0,0,5.935735277777778,21,1350,66,2,227.43601876150603,4.888888888888889,0.1481481481481481,5.037037037037037,23.93561833333333,3.481098721784063
WQ2Nu1kYtuc,15.0,20.0,19,2,0,5.858469444444445,18,4228,180,2,721.6902025510075,4.257332071901608,0.0473036896877956,4.304635761589404,24.025114444444444,2.65041081367612
WUts9LqRS7U,28.0,2505.0,18,1,0,5.942119444444445,30,777,8,0,130.76142397750894,1.0296010296010296,0.0,1.0296010296010296,23.942006666666668,1.0282776349614395
WVuBrzXvC8g,15.0,1856.0,22,5,1,5.900133611111111,35,4931,115,0,835.7437856515584,2.3321841411478403,0.0,2.3321841411478403,24.066791388888888,1.489288578302211
Wcrs6XSGbQk,22.0,983.0,9,4,0,5.936383888888889,27,430,10,3,72.43466865490785,2.3255813953488373,0.6976744186046512,3.0232558139534884,23.936592777777776,0.777676120768527
WiOJ7V7u8KE,22.0,1765.0,9,4,0,5.957569166666667,32,1227,410,33,205.9564842092336,33.41483292583537,2.689486552567237,36.10431947840261,23.957591666666666,8.661153330353152
WiaJtnb5y9c,15.0,20.0,22,6,1,5.9375269444444445,33,17778,113,0,2994.17588607902,0.6356170547868152,0.0,0.6356170547868152,23.937751388888888,0.529152058174263
WkJOnhtDl8Y,22.0,4299.0,8,1,0,5.945354999999999,21,4516,541,221,759.5845832586954,11.979627989371124,4.893711248892826,16.873339238263952,23.9453375,6.567001160488771
WobP4vqB4mQ,22.0,3863.0,14,0,0,5.942019444444445,21,62,0,0,10.434163095505784,0.0,0.0,0.0,23.94174388888889,0.0
WpWb08hvXxE,10.0,187.0,21,1,0,5.936805277777777,27,16,2,0,2.695052178970742,12.5,0.0,12.5,23.93684194444444,12.5
X0zeYQV0EUM,22.0,276.0,14,6,1,5.937928611111111,21,614,6,0,103.40306194504883,0.9771986970684038,0.0,0.9771986970684038,20.43791361111111,0.5050505050505051
XPNvs6KSLxM,2.0,9881.0,15,3,0,5.940096666666667,30,98,6,0,16.498048011564343,6.122448979591836,0.0,6.122448979591836,23.940055,5.405405405405405
XWjaCsfuelM,15.0,25.0,21,4,0,5.9429125,27,13634,0,0,2294.1613224155662,0.0,0.0,0.0,23.94293555555556,0.0
XYThQiavXgM,22.0,2141.0,1,5,1,5.937856666666667,36,6,0,0,1.0104656169425892,0.0,0.0,0.0,23.93795833333333,3.488372093023256
Xa02gRYrVac,15.0,28.0,21,3,0,5.935600555555555,27,1282,59,3,215.9848844275891,4.602184087363495,0.234009360374415,4.83619344773791,23.93569055555556,3.151750972762646
XvLj9yava_Y,22.0,552.0,12,2,0,5.945062222222222,30,86,0,6,14.465786359398912,0.0,6.976744186046512,6.976744186046512,23.94505416666667,4.716981132075472
YBcbt-YLRxo,15.0,29.0,21,3,0,5.943656111111111,27,5099,215,23,857.8894715102872,4.216513041772896,0.451068837026868,4.667581878799765,23.94374611111112,3.3608914450035945
YF2X2Pl7Gs0,20.0,1406.0,18,1,0,5.997955833333333,33,483,2,0,80.52743524981497,0.4140786749482402,0.0,0.4140786749482402,23.99785,0.4132231404958678
YSxIfu7EUmQ,22.0,17.0,18,1,0,5.944341666666667,30,1,0,0,0.1682272076666746,0.0,0.0,0.0,23.94422888888889,20.0
YV6jP1XGVMg,22.0,1411.0,23,1,0,5.946258888888889,22,2,0,0,0.0,0.0,0.0,0.0,23.946280277777777,0.0
YjeD5hb2nBI,26.0,256.0,19,6,1,5.937045555555556,33,11,2,0,1.8527733865384968,18.181818181818183,0.0,18.181818181818183,23.937204444444443,7.142857142857142
Z5jlQY50mHk,10.0,152.0,16,1,0,5.939256111111111,33,1,0,0,0.1683712541254465,0.0,0.0,0.0,23.93923277777778,0.0
Z6evJDP1NcU,22.0,61.0,9,3,0,5.862045833333334,28,806,52,0,137.4946602117719,6.451612903225806,0.0,6.451612903225806,24.028726666666667,6.246056782334384
ZJugrWmhvWU,20.0,2192.0,0,0,0,5.854002777777778,28,1,1,0,0.1708232875795811,100.0,0.0,100.0,24.020940555555555,2.0
Zc6ZB7Gm0zs,15.0,248.0,20,4,0,5.835134722222223,22,8734,106,37,1496.7949183311723,1.2136478131440347,0.4236317838332951,1.63727959697733,24.00186055555556,0.7162262286984441
ZlPIBoLC_4E,15.0,180.0,21,0,0,5.915518333333334,30,1824,58,1,307.83439377389016,3.179824561403509,0.0548245614035087,3.234649122807018,24.08199583333333,3.627311522048364
_HgT0TpgRD0,10.0,277.0,12,6,1,5.935907777777778,27,0,0,0,0.0,0.0,0.0,0.0,22.435969166666663,0.0
_LnVZZS-poQ,15.0,43.0,21,5,1,5.945199722222222,30,2137,87,0,359.4496568403295,4.071127749181095,0.0,4.071127749181095,23.94506638888889,4.704944178628389
__57lOFBdp0,22.0,6.0,12,5,1,5.940980277777777,30,4517,0,2,760.3122361634204,0.0,0.0442771751162275,0.0442771751162275,23.940899444444444,0.0236602389684135
_dPTG-Bpmws,15.0,76.0,21,3,0,5.943656111111111,27,2954,241,2,497.00049006499086,8.158429248476642,0.0677048070412999,8.226134055517942,23.94374611111112,1.6077239253296798
_m2RBhbl2Ew,27.0,1012.0,12,5,1,5.936258055555555,30,12,2,0,2.021475462773992,16.666666666666664,0.0,16.666666666666664,23.93617722222222,20.0
_sDYWrYyphc,20.0,58.0,9,0,0,5.941180555555556,30,1177,17,2,198.1087746776852,1.4443500424808835,0.1699235344095157,1.6142735768903995,23.9414025,2.1059782608695654
_xhRLYZ1O_k,27.0,1836.0,18,1,0,5.938508333333334,30,813,6,0,136.90306628628682,0.7380073800738007,0.0,0.7380073800738007,23.938395555555555,0.7380073800738007
_ziUviej1jE,15.0,1563.0,22,4,0,5.938705277777777,33,1443,211,22,242.98225497055827,14.622314622314622,1.5246015246015243,16.146916146916148,23.93873444444445,7.254253308128544
aGTZ5gvxeVo,15.0,16.0,20,2,0,5.939036944444444,21,1298,26,0,218.553952794348,2.0030816640986133,0.0,2.0030816640986133,23.93897555555556,0.8630094605376712
aGfFb25Qvt4,22.0,6.0,10,1,0,5.941536111111111,33,938,7,1,157.87163158797787,0.7462686567164178,0.1066098081023454,0.8528784648187633,23.941489722222222,1.539645881447267
aGqyYPMwbEo,27.0,2710.0,16,4,0,5.942587222222222,33,443,46,18,74.54665509046426,10.383747178329571,4.063205417607223,14.446952595936793,23.942703055555555,3.538050734312417
aSI1pR3cPDg,15.0,55.0,20,6,1,5.995357777777778,23,16550,1251,35,2760.469118514288,7.558912386706948,0.2114803625377643,7.770392749244713,23.99546638888889,4.081077668677097
aWHuyUUE_mw,15.0,32.0,21,1,0,5.890408055555556,30,18680,702,2,3171.2573770474023,3.758029978586724,0.0107066381156316,3.768736616702356,24.056998611111112,2.8757721345229923
a_B3gcPjsxE,15.0,22.0,22,6,1,5.914280277777777,34,5368,171,5,907.6336845532394,3.1855439642324885,0.0931445603576751,3.278688524590164,24.080916388888888,1.815080177413852
acDckzXaUEs,15.0,60.0,22,1,0,5.897119444444445,34,9584,561,16,1625.2002507815723,5.853505843071787,0.1669449081803005,6.020450751252087,24.063754166666666,4.670225489338117
am5G0FHlgkQ,15.0,851.0,22,0,0,5.944721111111111,33,8008,441,24,1347.0774911597573,5.506993006993008,0.2997002997002997,5.806693306693306,23.944533888888888,4.35823754789272
bdSmBAL-QAg,15.0,306.0,20,5,1,5.861506666666666,25,11828,1878,473,2017.911208267272,15.87757862698681,3.9989854582346975,19.876564085221503,24.02809111111111,8.651693685272194
btUkQBdlNPE,22.0,287.0,4,2,0,5.855615,18,1,0,0,0.1707762549279623,0.0,0.0,0.0,24.022423611111112,0.0
buI7YSa36k8,15.0,46.0,21,4,0,5.9383944444444445,30,2013,53,9,338.98051381265606,2.6328862394436165,0.4470938897168405,3.0799801291604574,23.93848111111112,1.9571951562940015
c7vI7KJ0rso,15.0,380.0,21,0,0,5.966213333333333,32,2357,379,63,395.05794853687206,16.07976240984302,2.672889266016122,18.75265167585914,23.96588472222222,12.553468476845826
c9KXh4otuEQ,15.0,1533.0,21,5,1,5.946248055555556,27,4685,723,62,787.8917859174784,15.43223052294557,1.3233724653148344,16.755602988260407,23.94615888888889,5.362745571269971
cAdlZ9tgYBU,22.0,4182.0,12,4,0,5.945354166666667,27,12,5,0,2.0183827007782686,41.66666666666667,0.0,41.66666666666667,23.945453333333333,9.230769230769232
cM8VuYRyPeM,15.0,120.0,21,3,0,5.888961111111111,28,7017,1775,88,1191.551424369324,25.29571041755736,1.2540971925324214,26.549807610089783,24.05563555555556,13.199217378217028
czprWwb-5Ds,15.0,51.0,20,3,0,5.8628969444444445,25,3893,651,13,664.0062134622583,16.722322116619573,0.3339326997174415,17.056254816337017,24.029541944444443,10.7429718875502
dKiDe10mew8,23.0,311.0,7,5,1,5.941193055555555,36,122,23,6,20.53459614242276,18.852459016393443,4.918032786885246,23.770491803278688,23.941245833333333,6.2596599690881
dQO29WcaOEE,15.0,1203.0,20,6,1,5.965066666666667,27,5333,35,5,894.0386248826501,0.6562910181886368,0.0937558597412338,0.7500468779298706,23.965251666666667,0.818208866408807
dYNCljrLIIs,20.0,837.0,13,5,1,5.941184444444445,15,3324,265,72,559.4843976116996,7.972322503008423,2.166064981949458,10.138387484957882,23.941159722222224,3.425533346793189
de4fhOmLEJc,24.0,481.0,1,6,1,5.945690277777778,36,6,2,0,1.009134300591675,33.33333333333333,0.0,33.33333333333333,23.94573888888889,15.789473684210526
dr3cPiJ_HYM,22.0,1328.0,0,6,1,5.940612222222223,30,6,1,0,1.0099969120279595,16.666666666666664,0.0,16.666666666666664,23.94073,14.285714285714285
dvlMNwmmhRY,24.0,11042.0,5,0,0,5.934841944444445,21,37,9,0,6.065873419543935,24.324324324324326,0.0,24.324324324324326,23.93499305555556,18.27242524916944
dw-Be_wHDgg,24.0,626.0,18,5,1,5.943205555555556,27,2983,405,33,501.9176893876013,13.576935970499498,1.1062688568555146,14.683204827355013,23.94313,4.454356592936576
e2xWLNMFvGI,22.0,843.0,6,2,0,5.939221666666667,27,2,0,0,0.3367444611850094,0.0,0.0,0.0,23.93937305555556,0.0
ePzA-o_CdXw,17.0,3000.0,16,2,0,5.938991388888889,33,520,1,0,87.55695469989315,0.1923076923076923,0.0,0.1923076923076923,23.93899111111111,0.1865671641791044
eWuUcg8FqOA,22.0,833.0,12,5,1,5.94125,27,181,13,1,30.46496949295182,7.18232044198895,0.5524861878453038,7.734806629834254,23.94120138888889,1.9316493313521543
egIH7FHp7TQ,19.0,3284.0,20,1,0,5.937413055555556,21,8779,1034,39,1478.5900724534586,11.77810684588222,0.4442419409955576,12.222348786877776,23.937359722222222,8.306893567926162
eqS5uvhjH40,26.0,513.0,15,4,0,5.944301666666667,27,10,1,0,1.6822833969002806,10.0,0.0,10.0,23.944292222222224,4.0
fOTu6kzogeA,15.0,19.0,22,4,0,5.936483055555556,33,23903,680,14,4026.458052066836,2.8448311927373133,0.0585700539681211,2.9034012467054344,23.936512222222223,1.0002847785846505
fW2ePaw5R5A,15.0,49.0,21,5,1,5.942914722222222,27,2041,52,3,343.43417252280767,2.547770700636943,0.1469867711905928,2.6947574718275358,23.94282555555556,2.390158172231986
fhgiIaFCjUE,15.0,60.0,19,3,0,5.899335,19,11380,815,5,1929.0309840007392,7.161687170474516,0.0439367311072056,7.205623901581721,24.06600861111111,1.854185875366904
fxuJMalSAz0,15.0,568.0,21,5,1,5.996864166666667,28,369,6,0,61.53215909926257,1.6260162601626018,0.0,1.6260162601626018,23.9967125,0.7929515418502203
g-h6oCqv82Q,27.0,1422.0,16,1,0,5.935645,33,186,1,4,31.33610584864829,0.5376344086021506,2.1505376344086025,2.6881720430107525,23.935621666666663,0.998003992015968
g1lmQQUTwpU,15.0,663.0,21,5,1,5.854641944444444,28,1934,189,9,330.33617057234403,9.772492244053774,0.4653567735263702,10.237849017580144,24.021214722222226,2.5699562976974755
g5GUVzNNyas,15.0,36.0,21,4,0,5.936523611111111,27,2611,147,0,439.81969432634185,5.630026809651475,0.0,5.630026809651475,23.936546666666665,3.722816070770365
g6xtcj-fy7g,10.0,318.0,8,5,1,5.853518333333334,4,34,6,8,5.808472454315937,17.647058823529413,23.52941176470588,41.17647058823529,24.02017,12.408759124087592
gF3mSiHfzqI,15.0,29.0,21,6,1,5.937561111111111,30,5933,215,0,999.2318207719032,3.623799089836508,0.0,3.623799089836508,23.937703611111107,1.2383320842133951
gR9Oe0oYn2o,10.0,2016.0,1,4,0,5.939495555555556,33,718,12,0,120.88568688773792,1.6713091922005572,0.0,1.6713091922005572,23.939586111111108,0.4429204172024575
gU_FyP-cv0s,20.0,44.0,13,0,0,5.936926666666667,33,793,22,1,133.5707925200356,2.7742749054224465,0.1261034047919293,2.900378310214376,23.936736944444444,2.652259332023576
gYP1vYaGgSI,15.0,57.0,20,6,1,5.8592475,22,1037,146,3,176.98518453094871,14.07907425265188,0.2892960462873674,14.368370298939247,24.026021944444445,11.924528301886792
gh4pUy_YYEs,22.0,8444.0,2,3,0,5.9703816666666665,27,46,2,0,7.704700062447152,4.3478260869565215,0.0,4.3478260869565215,23.970322777777778,4.166666666666666
giuDFf0PPUM,15.0,61.0,21,5,1,5.900964166666667,29,1136,4,0,192.5109131177292,0.352112676056338,0.0,0.352112676056338,24.06756638888889,0.4025764895330112
hFVwm4iWuNw,15.0,1447.0,22,0,0,5.944998888888889,33,11643,2016,49,1958.452847108279,17.315124967791807,0.4208537318560508,17.735978699647855,23.944811666666663,15.97470770699117
hIXbJsfQcKQ,20.0,105.0,19,1,0,5.936566944444444,33,0,0,0,0.0,0.0,0.0,0.0,23.93646111111111,0.0
hJJQv5JHhog,17.0,1385.0,21,1,0,5.888251666666666,28,46,7,0,7.812166090047669,15.217391304347828,0.0,15.217391304347828,24.05483444444444,11.666666666666666
hNEcfILHlXk,24.0,1959.0,15,2,0,5.946286388888889,27,4,2,0,0.5045165677868694,50.0,0.0,50.0,23.94617555555556,40.0
hOf7OCZQ-No,24.0,17.0,18,1,0,5.94598,27,240,4,0,40.36340519140664,1.6666666666666667,0.0,1.6666666666666667,23.94585805555556,1.2517385257301807
hSj6MLPBw7o,24.0,1030.0,11,6,1,5.945391388888889,21,66,8,1,11.101035353760702,12.12121212121212,1.5151515151515151,13.636363636363637,23.44541361111111,2.581438229870928
hWPRJCyUMas,15.0,34.0,20,4,0,5.983181111111112,25,902,36,3,150.7559245239851,3.9911308203991127,0.3325942350332594,4.323725055432372,23.98318305555556,3.088235294117647
hsugdBMBDXE,15.0,15.0,20,0,0,5.943971111111111,22,25115,0,6,4225.289714657653,0.0,0.0238901055146326,0.0238901055146326,23.943664444444444,0.0192455735180908
hzsJsijAFm4,15.0,200.0,22,4,0,5.937594166666667,33,3624,505,18,610.3482148283122,13.934878587196469,0.4966887417218543,14.43156732891832,23.93762333333333,5.634373733279287
i2eeC_VY7Kw,20.0,949.0,5,0,0,5.936786388888889,21,14,1,0,2.3581781595177453,7.142857142857142,0.0,7.142857142857142,23.936937500000003,1.0752688172043012
iAafujG24KM,20.0,2630.0,15,5,1,5.855934722222223,28,10,2,0,1.7076693088896282,20.0,0.0,20.0,24.02263083333333,20.0
iIe83wrGXA4,24.0,1393.0,14,2,0,5.990478888888888,24,144,6,4,24.03814497486845,4.166666666666666,2.7777777777777777,6.944444444444445,23.990301111111112,1.8065887353878851
iKZIt_sDA94,15.0,19.0,22,6,1,5.882249166666667,33,32076,1330,18,5453.016200294133,4.146402294550443,0.0561167227833894,4.202519017333832,24.04895138888889,4.223641706943871
ie0vcA9rfD0,2.0,156.0,9,1,0,5.943108055555555,27,30,0,1,5.047863797791177,0.0,3.333333333333333,3.333333333333333,23.94313222222222,1.0526315789473684
ioizMHorE5c,22.0,527.0,20,0,0,5.935450555555556,24,4,2,0,0.6739168261213156,50.0,0.0,50.0,23.935362777777776,13.725490196078432
iv2KWokMDEo,22.0,195.0,9,6,1,5.925625277777778,28,3,0,0,0.5062756855804856,0.0,0.0,0.0,23.92574472222222,0.0
jE5ZJLsePCc,22.0,7217.0,14,0,0,5.943130555555555,21,241,14,0,40.55101898690692,5.809128630705394,0.0,5.809128630705394,23.942855,4.8742138364779874
jO-fUM4nTFk,15.0,72.0,21,4,0,5.938190277777778,27,4737,701,19,797.7177857919207,14.798395609035254,0.4010977411864048,15.19949335022166,23.938213333333334,9.54384277901316
jStmuqTYkpY,24.0,10376.0,21,1,0,5.945416388888889,27,3976,39,0,668.7504692573864,0.9808853118712274,0.0,0.9808853118712274,23.94545305555556,1.0035122930255895
jX5DT6mYsXs,15.0,1093.0,20,5,1,5.916008055555555,26,39489,386,40,6674.94020108999,0.9774874015548632,0.1012940312492086,1.078781432804072,24.08254777777778,0.5423053005084684
jh_xWTizdDs,15.0,1079.0,22,3,0,5.945660833333333,33,1964,77,1,330.32493023974206,3.920570264765784,0.0509164969450101,3.971486761710794,23.945642777777778,1.7775144423048437
jkw4WCDv9tc,24.0,868.0,15,6,1,5.9412025,27,3,0,0,0.5049482827760878,0.0,0.0,0.0,23.941175277777777,0.0
k52D4JzPgbk,15.0,25.0,22,1,0,5.938495277777777,33,14019,551,2,2360.6990229427274,3.930380198302304,0.0142663528069049,3.944646551109209,23.938435833333337,2.363861386138614
kBUPTLvU21E,28.0,1025.0,16,1,0,5.964038888888889,18,1514,43,5,253.85481687931463,2.840158520475561,0.3302509907529722,3.170409511228533,23.96396333333333,2.294022617124394
kWp83P5Cz3M,22.0,1098.0,14,4,0,5.9439963888888885,21,188,12,3,31.628552189471105,6.382978723404255,1.5957446808510638,7.978723404255319,23.944012222222224,5.88235294117647
kbEINxDBPXA,15.0,17.0,19,0,0,5.861003611111111,19,7901,472,2,1348.0626398218774,5.973927350968232,0.0253132514871535,5.9992406024553855,24.02757916666667,3.8077940286142176
klMAq6y90wE,15.0,68.0,22,4,0,5.941760833333333,33,15720,143,1,2645.680370002551,0.9096692111959288,0.0063613231552162,0.9160305343511452,23.94179,0.6728657539367319
kqzwjdJrT08,23.0,512.0,13,2,0,5.944794444444444,33,221,2,0,37.17538126259856,0.904977375565611,0.0,0.904977375565611,23.94477638888889,0.764525993883792
kswz33HEdIc,15.0,63.0,20,4,0,5.852634722222223,22,15260,1479,49,2607.372700376872,9.692005242463958,0.3211009174311927,10.01310615989515,24.01936055555556,6.089304257528556
l0Ktt7Hcu9k,22.0,123.0,16,2,0,5.944564722222222,36,1,0,0,0.1682208953435661,0.0,0.0,0.0,23.944511944444447,0.0
l69BlZDvHH8,22.0,1655.0,9,3,0,5.992838611111111,30,872,0,0,145.5070053752583,0.0,0.0,0.0,23.99289361111111,0.0
lBc39vNHUmM,15.0,11.0,20,3,0,5.981508055555556,25,7621,60,0,1274.0934107614723,0.7872982548222018,0.0,0.7872982548222018,23.98144222222222,0.5565529622980251
lDBu3VJ2pxQ,20.0,26513.0,13,0,0,5.941093333333334,33,31,0,0,5.217894798263844,0.0,0.0,0.0,23.94090361111111,0.0
lG6PVHUaVSY,15.0,592.0,22,3,0,5.945660833333333,33,1797,221,12,302.23721977638314,12.298274902615471,0.667779632721202,12.96605453533667,23.945642777777778,6.610656643820473
lGkKtN_NJ84,22.0,9544.0,18,5,1,5.943481388888888,30,563,9,0,94.72562681066134,1.5985790408525755,0.0,1.5985790408525755,23.943410555555555,1.5985790408525755
lMnRz4MlrdE,20.0,4243.0,10,5,1,5.939925277777777,33,21,4,0,3.53539800888816,19.047619047619047,0.0,19.047619047619047,23.93980833333333,8.823529411764707
lONZ4R2vY0g,22.0,4195.0,16,3,0,5.943670833333333,33,801,7,0,134.76520191996948,0.8739076154806492,0.0,0.8739076154806492,23.943640833333333,0.8588957055214724
lmc2-dJ2_tI,10.0,710.0,10,1,0,5.943480555555555,15,28,5,0,4.7110442674583215,17.857142857142858,0.0,17.857142857142858,23.943434166666663,10.20408163265306
lrEza1K3ozU,25.0,1227.0,5,6,1,5.944791944444445,24,3095,152,7,520.6237710122646,4.911147011308562,0.2261712439418416,5.137318255250404,23.944909722222224,0.8335035750766088
lsD5WplR9_4,15.0,1287.0,19,4,0,5.941538333333334,19,3506,355,31,590.0828713551456,10.125499144324015,0.8841985168282943,11.00969766115231,23.94149611111111,6.43465197796695
lyZWIqP7Lq4,15.0,29.0,22,2,0,5.942001666666666,33,1470,63,1,247.3913812993994,4.285714285714286,0.0680272108843537,4.353741496598639,23.94172638888889,3.679955394480067
m9N6IqUMorM,20.0,13.0,15,1,0,5.937311944444445,27,652,23,0,109.81400440144934,3.52760736196319,0.0,3.52760736196319,23.937283333333333,2.4330900243309004
mHsHEoonm5Q,19.0,15.0,10,5,1,5.935758611111111,33,2044,17,2,344.35362586575684,0.831702544031311,0.0978473581213307,0.929549902152642,23.935641666666665,0.5720228809152366
mICMw_3unxY,15.0,12.0,21,5,1,5.874644166666667,30,9767,2169,200,1662.5687825347718,22.207433193406366,2.047711682195147,24.255144875601516,24.04119833333333,10.71017345763845
mJPYLdHEQzc,25.0,5479.0,6,4,0,5.940326944444444,27,488,8,0,82.15036050438114,1.639344262295082,0.0,1.639344262295082,23.940456944444445,1.5594541910331383
mMn7fG7K8Sk,15.0,6.0,20,0,0,5.942679722222223,21,6889,28,0,1159.2413392630065,0.4064450573377848,0.0,0.4064450573377848,23.942562777777777,0.3878975950349108
mVB9LQszkF0,22.0,756.0,20,1,0,5.944913055555556,21,1,0,0,0.168211038690548,0.0,0.0,0.0,23.944859722222223,33.33333333333333
mZlVAd8c5gY,22.0,868.0,18,0,0,5.9462850000000005,27,557,64,16,93.6719312982812,11.490125673249551,2.872531418312388,14.36265709156194,23.94616138888889,5.586708203530633
mcDkXRWc_J0,15.0,49.0,22,4,0,5.912316388888889,33,1224,81,11,207.0254566045016,6.61764705882353,0.8986928104575163,7.516339869281046,24.079065277777776,8.956646021915198
mmJqp2XN0Uw,25.0,39.0,7,5,1,5.944804166666666,36,959,40,2,161.3173408431593,4.171011470281543,0.2085505735140771,4.37956204379562,23.94485694444445,2.633053221288516
mtr8sNPOzio,1.0,7218.0,14,0,0,5.943686111111111,21,338,21,0,56.86706762124327,6.21301775147929,0.0,6.21301775147929,23.943410555555555,4.23728813559322
mxSREtEeIS0,15.0,65.0,21,5,1,5.916866388888889,30,1261,26,0,213.1195665273083,2.061855670103093,0.0,2.061855670103093,23.91673305555556,1.927353595255745
nEUsGjUgkkw,27.0,11219.0,22,3,0,5.944848611111111,36,18,6,0,3.027831518931773,33.33333333333333,0.0,33.33333333333333,23.94491638888889,26.08695652173913
nHA05ioM3tw,20.0,23446.0,14,6,1,5.943761944444445,21,78,0,0,13.123002019437465,0.0,0.0,0.0,20.443746944444445,0.0
nHDwbDyl7eM,15.0,12.0,21,4,0,5.940338888888889,30,23844,393,6,4013.912412404455,1.6482133870156013,0.0251635631605435,1.673376950176145,23.94042555555556,1.210973370064279
ncMk1qraFUI,25.0,2358.0,1,3,0,5.941725555555555,33,25,1,0,4.207531930959824,4.0,0.0,4.0,23.94183083333333,1.3888888888888888
nwO3iAD1yT8,15.0,22.0,20,6,1,5.996191111111111,23,4955,104,1,826.3579175817538,2.098890010090817,0.0201816347124117,2.119071644803229,23.996299722222226,2.309871431684463
o-uoMLB1PC8,15.0,735.0,20,6,1,5.945661388888889,21,32020,1268,40,5385.439550903154,3.9600249843847593,0.1249219237976264,4.084946908182386,23.94590833333333,2.7926083187819555
oBPPjUsbcs0,15.0,22.0,21,6,1,5.946455555555556,27,12073,322,1,2030.285081122088,2.6671084237554874,0.0082829454153897,2.6753913691708773,23.94664055555556,2.3629302968472325
p-ryHnRGXYI,22.0,6.0,5,5,1,5.935942777777778,24,6419,46,0,1081.378348866608,0.7166225268733448,0.0,0.7166225268733448,23.93600916666667,0.4668769716088328
p5Ts3mI_GJ8,15.0,13.0,20,0,0,5.941290833333333,21,23321,156,2,3925.241274027291,0.6689250032159856,0.0085759615796921,0.6775009647956777,23.941173888888887,0.1612351680191791
pWa7iHkbIMo,24.0,3896.0,13,0,0,5.978020277777778,36,613,1,0,102.54230857642251,0.1631321370309951,0.0,0.1631321370309951,23.977983055555555,0.1631321370309951
pwsXseccTqI,22.0,218.0,17,2,0,5.93715611111111,21,4,1,0,0.673723231315105,25.0,0.0,25.0,23.936969722222223,8.695652173913043
qEuRZgxQhoo,15.0,21.0,21,0,0,5.857427222222222,27,6825,480,4,1165.1873324361502,7.032967032967033,0.0586080586080586,7.091575091575092,24.02394888888889,2.69838735430305
qFcCt_0GEWM,22.0,7218.0,14,5,1,5.945720277777778,21,357,32,0,60.04318792700239,8.96358543417367,0.0,8.96358543417367,23.945620277777778,4.683840749414521
qOYvLTUwy7o,15.0,41.0,21,2,0,5.9363327777777775,27,5880,299,5,990.5105087793164,5.0850340136054415,0.0850340136054421,5.170068027210884,23.93617555555556,2.403337969401947
qXOQxkr9c1g,15.0,29.0,22,0,0,5.9452766666666665,33,716,6,1,120.43173768756486,0.8379888268156425,0.1396648044692737,0.9776536312849162,23.945089444444445,0.7246376811594203
qXeW_gKft5I,22.0,748.0,13,5,1,5.937851111111111,33,19,4,1,3.199810780780028,21.052631578947366,5.263157894736842,26.31578947368421,23.93782638888889,18.91891891891892
qbaTeTf4ji0,15.0,166.0,20,6,1,5.88508,23,297713,16981,609,50587.75751561576,5.703815419548357,0.2045594246808167,5.908374844229174,24.05182111111111,3.0009949106493705
qk6-5cu7TT0,15.0,72.0,21,6,1,5.897341111111111,28,5569,240,9,944.3238732634122,4.309570838570659,0.1616089064463997,4.471179745017059,24.064075833333334,2.799172728569391
qxbw94FLnkI,25.0,69.0,17,2,0,5.940489444444444,21,370,3,0,62.28443017368285,0.8108108108108109,0.0,0.8108108108108109,23.94030305555556,0.4296455424274973
r2WspquRh8g,15.0,50.0,21,1,0,5.861249722222222,27,5530,376,6,943.4847962600315,6.799276672694394,0.108499095840868,6.907775768535263,24.027849444444445,6.00401296496373
rBQbCMsI2Xg,22.0,4005.0,18,6,1,5.940572777777779,30,1841,0,0,309.90277686467005,0.0,0.0,0.0,23.940751111111112,0.0
rJFviM_-2c8,20.0,59.0,23,5,1,5.9434652777777774,21,1316,31,5,221.41964973202363,2.3556231003039514,0.3799392097264438,2.735562310030395,23.9434875,2.7664399092970524
rSunUGxYFuM,15.0,175.0,19,1,0,5.958525833333333,20,10940,781,13,1836.024598366123,7.138939670932358,0.1188299817184643,7.257769652650822,23.95845222222222,4.976861957565704
rkbQF4CzsBs,15.0,122.0,21,3,0,5.997314444444444,32,1407,46,1,234.60500746352585,3.269367448471926,0.0710732054015636,3.3404406538734897,23.997270277777776,2.8197381671701915
rqhW8g6Eofk,15.0,27.0,20,3,0,5.944891944444445,21,2829,0,2,475.8707183305032,0.0,0.0706963591375044,0.0706963591375044,23.944829722222224,0.0251287850232441
rsIkP0fxfho,15.0,1375.0,20,6,1,5.835358611111111,22,2745,124,14,470.4081073566316,4.517304189435337,0.5100182149362478,5.027322404371585,24.00213305555556,3.535600685099095
s-nu4W_k2m0,22.0,24.0,17,3,0,5.937905,21,11,1,0,1.8525052185914053,9.090909090909092,0.0,9.090909090909092,23.937893055555552,12.5
s2HMmVBY7I0,24.0,61.0,15,6,1,5.9456219444444445,30,68,2,0,11.43698685106254,2.941176470588235,0.0,2.941176470588235,18.94569138888889,3.571428571428571
sG0EOzz0dGg,10.0,165.0,8,5,1,5.940678888888889,21,2,0,0,0.0,0.0,0.0,0.0,23.94062333333333,0.0
si0IuJzxRjU,22.0,575.0,18,1,0,5.9440638888888895,30,0,0,0,0.0,0.0,0.0,0.0,23.94395111111111,0.0
sjvJjeICbvk,17.0,99.0,3,3,0,5.935381666666666,27,13,2,0,1.8532927817896576,15.384615384615383,0.0,15.384615384615383,23.935322777777778,4.10958904109589
sqo0lv3C0sA,20.0,5709.0,21,4,0,5.942634722222222,27,2819,7,0,474.368715522506,0.2483150053210358,0.0,0.2483150053210358,23.94265777777778,0.2483150053210358
sz4UztkkYS4,24.0,26.0,23,2,0,5.937894444444444,21,22,2,0,3.70501702343049,9.090909090909092,0.0,9.090909090909092,23.937905,9.433962264150944
t9CFGnIsGWU,22.0,31.0,9,1,0,5.857378611111111,31,68,11,0,11.609288815820769,16.176470588235293,0.0,16.176470588235293,24.02396472222222,11.41304347826087
tL30FGNk05s,15.0,30.0,20,3,0,5.9371141666666665,21,4001,97,0,673.8964230236996,2.4243939015246188,0.0,2.4243939015246188,23.937051944444445,3.3874113896950377
tYtN6wQR0Us,15.0,41.0,21,3,0,5.97148111111111,32,1848,355,38,309.47096132673585,19.20995670995671,2.0562770562770565,21.266233766233768,23.97143694444444,13.633181659082954
tdwgbklwJxY,26.0,8.0,14,3,0,5.944531111111112,21,5795,27,0,974.8456003819008,0.4659188955996549,0.0,0.4659188955996549,23.944490277777778,0.2946954813359528
th0hmvL2at4,24.0,7172.0,15,0,0,5.945807222222222,27,40,7,0,6.727429683643553,17.5,0.0,17.5,23.94560805555556,16.27906976744186
tn71BvStxTo,1.0,9213.0,2,2,0,5.938948611111111,21,1831,62,2,308.3037284704574,3.386127799016931,0.1092299290005461,3.4953577280174764,23.93903694444444,1.761252446183953
tnPBwvH0m2o,15.0,30.0,21,6,1,5.949783333333333,30,2891,13,2,485.900046780415,0.4496713939813214,0.0691802144586648,0.5188516084399862,23.94992583333333,0.5625462620281273
topJLrCcAU8,27.0,40.0,14,0,0,5.856054444444444,4,24,0,0,4.098322552784403,0.0,0.0,0.0,24.02274527777778,0.0
tpN_sLD36CU,15.0,34.0,21,1,0,5.942360833333333,27,11622,301,1,1955.7883349673173,2.5899156771639995,0.0086043710204784,2.598520048184477,23.9423975,1.68081323179119
ts9Yk2oq8uM,20.0,2111.0,20,6,1,5.943994722222223,21,4,1,0,0.672948107616179,25.0,0.0,25.0,23.944241666666667,25.0
tsvL1qas11g,15.0,23.0,21,6,1,5.932838888888889,30,1794,24,2,302.38474929090535,1.3377926421404682,0.1114827201783723,1.4492753623188406,23.932981388888887,1.4779698828778582
tv0coyOpu6A,10.0,12.0,3,2,0,5.859041111111111,31,3,0,0,0.512029177318928,0.0,0.0,0.0,24.02586055555556,0.0
u0DrgRfnW5Q,15.0,31.0,22,5,1,5.889291388888889,33,2835,204,1,481.38219232091166,7.195767195767195,0.0352733686067019,7.231040564373897,24.055921666666663,3.888360291785601
u2tpV73zL0E,24.0,589.0,14,2,0,5.938193055555555,21,106,19,4,17.85054797112571,17.92452830188679,3.7735849056603774,21.69811320754717,23.938135555555554,5.256869772998805
uL2Wd2eHZaM,15.0,69.0,21,5,1,5.854893055555556,31,1156,0,0,197.4416934743328,0.0,0.0,0.0,24.02145861111111,0.0453274911233663
uORpwVhMFTc,22.0,23.0,15,2,0,5.942675277777778,27,563,3,0,94.73847613806184,0.5328596802841918,0.0,0.5328596802841918,23.942564444444447,0.3322259136212624
um8YFq1GeZ8,15.0,298.0,20,0,0,5.863988611111111,26,11133,1136,121,1898.5371115668847,10.203898320308992,1.0868588879906584,11.290757208299649,24.03064527777778,5.040042200163046
v2AIOdeHoxw,22.0,696.0,5,3,0,5.940320555555555,21,257,46,6,43.26365851749303,17.898832684824903,2.3346303501945527,20.23346303501945,23.940323888888887,8.119079837618404
vOk2Kjf1TwU,22.0,5806.0,23,2,0,5.938727777777777,21,1059,40,15,178.32102086960265,3.777148253068933,1.41643059490085,5.193578847969783,23.938738333333333,2.95436560274334
v_sgazIr7X8,20.0,2255.0,0,3,0,5.943539722222222,27,1267,8,0,213.17263099341804,0.6314127861089187,0.0,0.6314127861089187,23.94345888888889,0.7081038552321007
vex7yf-aUWc,20.0,30510.0,21,0,0,5.9452050000000005,27,1766,16,0,297.04610690463994,0.9060022650056626,0.0,0.9060022650056626,23.945089722222225,0.9003939223410242
vfxlRAgfUig,15.0,86.0,21,6,1,5.890619166666666,31,816,48,0,138.52533611704374,5.88235294117647,0.0,5.88235294117647,24.05737138888889,6.226765799256506
vrUo0hUenjA,15.0,98.0,21,6,1,5.941177777777778,27,1247,13,1,209.89104292826332,1.0425020048115476,0.0801924619085805,1.1226944667201284,23.94136277777778,1.2269938650306749
vrnuyfLtA0Q,22.0,2980.0,13,4,0,5.943138888888889,33,840,9,0,141.3394530574472,1.0714285714285714,0.0,1.0714285714285714,23.943202777777778,1.2359550561797752
vtpQ5CMywR4,22.0,6420.0,5,6,1,5.936736388888889,24,181754,61,2,30615.1373573144,0.0335618473321082,0.0011003884371183,0.0346622357692265,23.936854166666667,0.0352124299877856
w2kD0tAdVt0,20.0,200.0,19,1,0,5.860178055555555,33,4,1,0,0.6825731167345551,25.0,0.0,25.0,24.02672583333333,22.22222222222222
w60RpTYdUXo,22.0,56.0,15,6,1,5.944535833333334,27,124,14,2,20.85949239378516,11.29032258064516,1.6129032258064515,12.903225806451612,23.94450861111111,9.30232558139535
wNoM-c1Tgxg,15.0,41.0,21,2,0,5.969274166666667,31,2815,137,1,471.5816230588616,4.8667850799289525,0.0355239786856127,4.9023090586145655,23.969286666666665,3.986402966625464
wRDPqxd_Q4I,27.0,43.0,14,6,1,5.938965833333333,24,547,11,0,92.10357751679273,2.010968921389397,0.0,2.010968921389397,23.938986944444444,1.7179670722977811
wfkDY9Rx14Q,24.0,5599.0,18,4,0,5.936811944444445,30,2812,52,0,473.6548885688414,1.849217638691323,0.0,1.849217638691323,23.93681361111111,1.8847795163584635
wkN9kca1GNo,15.0,1236.0,20,4,0,5.982916111111111,24,6205,1484,98,1037.1196728759824,23.916196615632558,1.579371474617244,25.4955680902498,23.98293277777778,11.91068231549632
wrwroOtL-l4,22.0,302.0,0,5,1,5.945740277777778,30,7,0,0,1.1773134501287452,0.0,0.0,0.0,23.94570361111111,0.0
wwPNNUGEP3o,15.0,35.0,22,6,1,5.9039158333333335,33,11173,899,14,1892.4727783071653,8.046182762015572,0.1253020674841135,8.171484829499686,24.07061805555556,6.013331442348603
x6whV0uqLis,10.0,214.0,9,1,0,5.944774722222221,27,169,12,3,28.428327042950748,7.100591715976331,1.7751479289940828,8.875739644970414,23.94479888888889,3.3527696793002915
xhoZAlvLHA0,22.0,50699.0,9,3,0,5.9414533333333335,27,377,54,7,63.45248861670208,14.323607427055704,1.8567639257294428,16.180371352785148,23.94143138888889,6.666666666666667
xvmPRdVFmrg,22.0,1624.0,19,0,0,5.941492222222222,33,581,16,0,97.7868821955128,2.753872633390706,0.0,2.753872633390706,23.94150055555556,2.1423106350420813
xx-4F5gUDDE,22.0,356.0,0,4,0,5.9359175,23,6,1,0,1.010795719448594,16.666666666666664,0.0,16.666666666666664,23.93597722222222,20.0
y55RHNZp9xA,20.0,462.0,1,0,0,5.944785555555555,33,6,0,0,1.0092878782469867,0.0,0.0,0.0,23.94482555555556,0.0
y8tBk-ok1r4,15.0,165.0,21,2,0,5.870774722222222,30,2652,343,6,451.7291372059593,12.933634992458524,0.2262443438914027,13.159879336349926,24.03734222222222,6.584164363811127
yhINCRvW8k4,24.0,24.0,14,1,0,5.933973888888889,24,465,9,0,78.36232661399008,1.935483870967742,0.0,1.935483870967742,23.93394277777778,1.7699115044247788
ymQLK08BdnY,22.0,8145.0,18,2,0,5.9448944444444445,30,596,0,0,100.2540929144616,0.0,0.0,0.0,23.94479361111111,0.0
yq_05LtI3p8,10.0,1781.0,18,2,0,5.855163611111111,28,32,1,1,5.465261455593636,3.125,3.125,6.25,24.0217375,4.069767441860465
z81voHtzDy0,2.0,2635.0,8,6,1,5.941453611111111,21,50,5,2,8.415449025217502,10.0,4.0,14.000000000000002,23.94153083333333,6.0606060606060606
zA_AO3uhaZc,15.0,39.0,20,3,0,5.896571944444444,22,6553,229,2,1111.3236744569904,3.494582633908134,0.0305203723485426,3.525103006256676,24.06318583333333,1.0056331065346638
zNFeabeSA68,15.0,212.0,21,0,0,5.944371666666667,27,82152,5367,161,13820.1318165671,6.533011977797254,0.1959781867757328,6.728990164572987,23.94425638888889,3.4709562343436464
zhAXtxBhxOk,15.0,116.0,21,5,1,5.925753055555555,28,1389,172,18,234.4005879046503,12.38300935925126,1.2958963282937366,13.678905687544995,23.92560138888889,11.826226870474658
zlvWj3Q3DL8,20.0,550.0,18,4,0,5.861849444444444,28,20,3,1,3.411892473450501,15.0,5.0,20.0,24.028513333333333,14.545454545454543
znKHzoCoxoQ,22.0,622.0,12,6,1,5.860329722222223,33,840,66,3,143.33664483326615,7.857142857142857,0.3571428571428571,8.214285714285714,24.027039444444444,3.838986209467014
zudizNBnisg,22.0,1000.0,3,5,1,5.941513611111112,30,20,3,0,3.366145616934779,15.0,0.0,15.0,23.94158861111111,6.896551724137931
